body_path,epic_id,epic_title,id,item_type,labels,milestone,priority,project_view,recommended_action,status,title,track_id
conductor/TRACKS.md,TRACK_RUNTIME_MOJO_PYTHON314,Mojo-first runtime and Python 3.14 compatibility,project_track_track_runtime_mojo_python314,track,"[""type:track"", ""workstream:runtime"", ""priority:must""]",M2 release hardening,must,Project backlog,Create or update a GitHub Project group for this Conductor track.,ready,Mojo-first runtime and Python 3.14 compatibility,track_runtime_mojo_python314
conductor/TRACKS.md,TRACK_LIVE_SOURCE_INGESTION,Evidence-grade live source ingestion,project_track_track_live_source_ingestion,track,"[""type:track"", ""workstream:data"", ""priority:must""]",M3 policy demonstrators,must,Project backlog,Create or update a GitHub Project group for this Conductor track.,ready,Evidence-grade live source ingestion,track_live_source_ingestion
conductor/TRACKS.md,TRACK_RESEARCH_PROTOCOLS_OSF,OSF research protocol and report workflow,project_track_track_research_protocols_osf,track,"[""type:track"", ""workstream:research"", ""priority:must""]",M0 project setup,must,Research & OSF,Create or update a GitHub Project group for this Conductor track.,ready,OSF research protocol and report workflow,track_research_protocols_osf
conductor/TRACKS.md,TRACK_PUBLICATION_HF_SPACES,Hugging Face dataset and Spaces publication,project_track_track_publication_hf_spaces,track,"[""type:track"", ""workstream:publication"", ""priority:must""]",M3 policy demonstrators,must,Dashboard & publication,Create or update a GitHub Project group for this Conductor track.,ready,Hugging Face dataset and Spaces publication,track_publication_hf_spaces
conductor/TRACKS.md,TRACK_DATA_PACKAGING_STANDARDS,Research-data packaging standards,project_track_track_data_packaging_standards,track,"[""type:track"", ""workstream:publication"", ""priority:should""]",M3 policy demonstrators,should,Dashboard & publication,Create or update a GitHub Project group for this Conductor track.,ready,Research-data packaging standards,track_data_packaging_standards
conductor/TRACKS.md,TRACK_MAPPING_WORKBENCH,Human-in-the-loop mapping workbench,project_track_track_mapping_workbench,track,"[""type:track"", ""workstream:mappings"", ""priority:must""]",M3 policy demonstrators,must,Project backlog,Create or update a GitHub Project group for this Conductor track.,ready,Human-in-the-loop mapping workbench,track_mapping_workbench
conductor/TRACKS.md,TRACK_CI_CD_SUPPLY_CHAIN,CI/CD and supply-chain hardening,project_track_track_ci_cd_supply_chain,track,"[""type:track"", ""workstream:automation"", ""priority:must""]",M2 release hardening,must,CI/CD & security,Create or update a GitHub Project group for this Conductor track.,ready,CI/CD and supply-chain hardening,track_ci_cd_supply_chain
conductor/TRACKS.md,TRACK_POLICY_DEMONSTRATORS,First policy demonstrators,project_track_track_policy_demonstrators,track,"[""type:track"", ""workstream:analytics"", ""priority:must""]",M3 policy demonstrators,must,Policy analyses,Create or update a GitHub Project group for this Conductor track.,ready,First policy demonstrators,track_policy_demonstrators
conductor/TRACKS.md,TRACK_DATA_QUALITY_EVIDENCE,"Data quality, source validation and evidence readiness",project_track_track_data_quality_evidence,track,"[""type:track"", ""workstream:data_quality"", ""priority:must""]",M2 release hardening,must,Project backlog,Create or update a GitHub Project group for this Conductor track.,ready,"Data quality, source validation and evidence readiness",track_data_quality_evidence
conductor/TRACKS.md,TRACK_PUBLIC_PRODUCT_CITATION_DASHBOARD,"Public product, citation and dashboard maturity",project_track_track_public_product_citation_dashboard,track,"[""type:track"", ""workstream:dashboard"", ""priority:must""]",M3 policy demonstrators,must,Dashboard & publication,Create or update a GitHub Project group for this Conductor track.,ready,"Public product, citation and dashboard maturity",track_public_product_citation_dashboard
.github/generated-issues/001-add-source-version-schema-for-mbs-cms-clfs-and-nhs-genomic-directory.md,SRC-001,First-wave source versioning and fixtures,project_issue_001_add_source_version_schema_for_mbs_cms_clfs_and_nhs_genomic_directory,issue,"[""type:data-source"", ""phase:1-slice"", ""risk:licence"", ""status:implemented""]",M1 evidence-grade source slice,must,Sources & ingestion,Open this generated draft as a GitHub issue and place it on the matching Project view once repository credentials are available.,done,"Add source-version schema for MBS, CMS CLFS and NHS genomic directory",
.github/generated-issues/002-add-tiny-permissive-parser-fixtures-with-provenance-metadata.md,SRC-001,First-wave source versioning and fixtures,project_issue_002_add_tiny_permissive_parser_fixtures_with_provenance_metadata,issue,"[""type:parser"", ""phase:1-slice"", ""good-first-issue"", ""status:implemented""]",M1 evidence-grade source slice,could,Sources & ingestion,Open this generated draft as a GitHub issue and place it on the matching Project view once repository credentials are available.,done,Add tiny permissive parser fixtures with provenance metadata,
.github/generated-issues/003-add-url-licence-verification-checklist-for-first-wave-sources.md,SRC-001,First-wave source versioning and fixtures,project_issue_003_add_url_licence_verification_checklist_for_first_wave_sources,issue,"[""risk:licence"", ""type:data-source"", ""status:implemented""]",M0 project setup,must,Sources & ingestion,Open this generated draft as a GitHub issue and place it on the matching Project view once repository credentials are available.,done,Add URL/licence verification checklist for first-wave sources,
.github/generated-issues/004-implement-mbs-xml-parser-prototype-to-scheduleitemrecord.md,PARSE-001,Parser contract implementation,project_issue_004_implement_mbs_xml_parser_prototype_to_scheduleitemrecord,issue,"[""type:parser"", ""phase:1-slice"", ""needs-clinical-review"", ""status:implemented""]",M1 evidence-grade source slice,unknown,Sources & ingestion,Open this generated draft as a GitHub issue and place it on the matching Project view once repository credentials are available.,done,Implement MBS XML parser prototype to ScheduleItemRecord,
.github/generated-issues/005-implement-cms-clfs-parser-prototype-to-scheduleitemrecord.md,PARSE-001,Parser contract implementation,project_issue_005_implement_cms_clfs_parser_prototype_to_scheduleitemrecord,issue,"[""type:parser"", ""phase:1-slice"", ""status:implemented""]",M1 evidence-grade source slice,unknown,Sources & ingestion,Open this generated draft as a GitHub issue and place it on the matching Project view once repository credentials are available.,done,Implement CMS CLFS parser prototype to ScheduleItemRecord,
.github/generated-issues/006-implement-nhs-genomic-directory-parser-prototype.md,PARSE-001,Parser contract implementation,project_issue_006_implement_nhs_genomic_directory_parser_prototype,issue,"[""type:parser"", ""phase:1-slice"", ""status:implemented""]",M1 evidence-grade source slice,unknown,Sources & ingestion,Open this generated draft as a GitHub issue and place it on the matching Project view once repository credentials are available.,done,Implement NHS genomic directory parser prototype,
.github/generated-issues/007-implement-pbs-api-csv-parser-prototype-to-scheduleitemrecord.md,PARSE-001,Parser contract implementation,project_issue_007_implement_pbs_api_csv_parser_prototype_to_scheduleitemrecord,issue,"[""type:parser"", ""phase:1-slice"", ""type:medicines"", ""status:implemented""]",M1 evidence-grade source slice,unknown,Sources & ingestion,Open this generated draft as a GitHub issue and place it on the matching Project view once repository credentials are available.,done,Implement PBS API CSV parser prototype to ScheduleItemRecord,
.github/generated-issues/008-implement-cms-asp-parser-prototype-to-scheduleitemrecord.md,PARSE-001,Parser contract implementation,project_issue_008_implement_cms_asp_parser_prototype_to_scheduleitemrecord,issue,"[""type:parser"", ""phase:1-slice"", ""type:medicines"", ""status:implemented""]",M1 evidence-grade source slice,unknown,Sources & ingestion,Open this generated draft as a GitHub issue and place it on the matching Project view once repository credentials are available.,done,Implement CMS ASP parser prototype to ScheduleItemRecord,
.github/generated-issues/009-implement-cms-pfs-parser-prototype-to-scheduleitemrecord.md,PARSE-001,Parser contract implementation,project_issue_009_implement_cms_pfs_parser_prototype_to_scheduleitemrecord,issue,"[""type:parser"", ""phase:1-slice"", ""risk:licence"", ""status:implemented""]",M1 evidence-grade source slice,must,Sources & ingestion,Open this generated draft as a GitHub issue and place it on the matching Project view once repository credentials are available.,done,Implement CMS PFS parser prototype to ScheduleItemRecord,
.github/generated-issues/010-define-genomics-pathology-basket-and-mapping-evidence-fields.md,MAP-001,Candidate crosswalk pipeline,project_issue_010_define_genomics_pathology_basket_and_mapping_evidence_fields,issue,"[""type:mapping"", ""needs-clinical-review"", ""status:implemented""]",M0 project setup,unknown,Mappings & ontologies,Open this generated draft as a GitHub issue and place it on the matching Project view once repository credentials are available.,done,Define genomics/pathology basket and mapping evidence fields,
.github/generated-issues/011-add-loinc-hpo-hgnc-local-only-adapter-conventions.md,MAP-001,Candidate crosswalk pipeline,project_issue_011_add_loinc_hpo_hgnc_local_only_adapter_conventions,issue,"[""type:ontology"", ""risk:licence"", ""status:implemented""]",M0 project setup,must,Mappings & ontologies,Open this generated draft as a GitHub issue and place it on the matching Project view once repository credentials are available.,done,Add LOINC/HPO/HGNC local-only adapter conventions,
.github/generated-issues/012-build-candidate-crosswalk-review-queue-format.md,MAP-001,Candidate crosswalk pipeline,project_issue_012_build_candidate_crosswalk_review_queue_format,issue,"[""type:mapping"", ""phase:1-slice"", ""status:implemented""]",M1 evidence-grade source slice,unknown,Mappings & ontologies,Open this generated draft as a GitHub issue and place it on the matching Project view once repository credentials are available.,done,Build candidate crosswalk review queue format,
.github/generated-issues/013-validate-source-scoring-rubric-against-first-wave-sources.md,ANA-001,Source openness and access-readiness index,project_issue_013_validate_source_scoring_rubric_against_first_wave_sources,issue,"[""type:analysis"", ""phase:1-slice"", ""status:implemented""]",M1 evidence-grade source slice,unknown,Policy analyses,Open this generated draft as a GitHub issue and place it on the matching Project view once repository credentials are available.,done,Validate source scoring rubric against first-wave sources,
.github/generated-issues/014-add-sensitivity-analysis-for-readiness-grade-thresholds.md,ANA-001,Source openness and access-readiness index,project_issue_014_add_sensitivity_analysis_for_readiness_grade_thresholds,issue,"[""type:analysis"", ""good-first-issue"", ""status:implemented""]",M0 project setup,could,Policy analyses,Open this generated draft as a GitHub issue and place it on the matching Project view once repository credentials are available.,done,Add sensitivity analysis for readiness grade thresholds,
.github/generated-issues/015-read-generated-graph-csv-files-in-astro-dashboard.md,DASH-001,Seed graph dashboard,project_issue_015_read_generated_graph_csv_files_in_astro_dashboard,issue,"[""type:dashboard"", ""phase:1-slice"", ""status:implemented""]",M1 evidence-grade source slice,unknown,Dashboard & publication,Open this generated draft as a GitHub issue and place it on the matching Project view once repository credentials are available.,done,Read generated graph CSV files in Astro dashboard,
.github/generated-issues/016-add-source-detail-route-and-analysis-detail-route.md,DASH-001,Seed graph dashboard,project_issue_016_add_source_detail_route_and_analysis_detail_route,issue,"[""type:dashboard"", ""phase:1-slice"", ""status:implemented""]",M1 evidence-grade source slice,unknown,Dashboard & publication,Open this generated draft as a GitHub issue and place it on the matching Project view once repository credentials are available.,done,Add source detail route and analysis detail route,
.github/generated-issues/017-add-devcontainer-and-codespaces-settings.md,DX-001,Developer experience and release hardening,project_issue_017_add_devcontainer_and_codespaces_settings,issue,"[""type:automation"", ""good-first-issue"", ""status:implemented""]",M0 project setup,could,CI/CD & security,Open this generated draft as a GitHub issue and place it on the matching Project view once repository credentials are available.,done,Add devcontainer and codespaces settings,
.github/generated-issues/018-add-sbom-and-slsa-provenance-release-jobs.md,DX-001,Developer experience and release hardening,project_issue_018_add_sbom_and_slsa_provenance_release_jobs,issue,"[""type:security"", ""phase:2-expansion"", ""status:implemented""]",M4 expansion roadmap,must,CI/CD & security,Open this generated draft as a GitHub issue and place it on the matching Project view once repository credentials are available.,done,Add SBOM and SLSA provenance release jobs,
.github/generated-issues/019-convert-backlog-yaml-to-github-issues.md,DX-001,Developer experience and release hardening,project_issue_019_convert_backlog_yaml_to_github_issues,issue,"[""type:automation"", ""phase:1-slice"", ""status:implemented""]",M1 evidence-grade source slice,unknown,CI/CD & security,Open this generated draft as a GitHub issue and place it on the matching Project view once repository credentials are available.,done,Convert backlog YAML to GitHub issues,
.github/generated-issues/020-add-sourcesnapshotrecord-and-local-cache-provenance-schema.md,LIVE-001,Reviewed live-source validation,project_issue_020_add_sourcesnapshotrecord_and_local_cache_provenance_schema,issue,"[""type:data-source"", ""risk:licence"", ""phase:1-slice"", ""status:implemented""]",M1 evidence-grade source slice,must,Sources & ingestion,Open this generated draft as a GitHub issue and place it on the matching Project view once repository credentials are available.,done,Add SourceSnapshotRecord and local cache provenance schema,
.github/generated-issues/021-validate-mbs-parser-against-one-manually-downloaded-xml-release.md,LIVE-001,Reviewed live-source validation,project_issue_021_validate_mbs_parser_against_one_manually_downloaded_xml_release,issue,"[""type:parser"", ""phase:1-slice"", ""needs-clinical-review"", ""status:blocked""]",M1 evidence-grade source slice,unknown,Sources & ingestion,Open this generated draft as a GitHub issue and place it on the matching Project view once repository credentials are available.,blocked,Validate MBS parser against one manually downloaded XML release,
.github/generated-issues/022-add-derived-only-mbs-txt-pair-bundle-workflow-with-path-redacted-snapshots.md,LIVE-001,Reviewed live-source validation,project_issue_022_add_derived_only_mbs_txt_pair_bundle_workflow_with_path_redacted_snapshots,issue,"[""type:parser"", ""risk:licence"", ""phase:1-slice"", ""status:implemented""]",M1 evidence-grade source slice,must,Sources & ingestion,Open this generated draft as a GitHub issue and place it on the matching Project view once repository credentials are available.,done,Add derived-only MBS TXT pair bundle workflow with path-redacted snapshots,
.github/generated-issues/023-review-first-real-july-2026-mbs-txt-pair-bundle-outputs.md,LIVE-001,Reviewed live-source validation,project_issue_023_review_first_real_july_2026_mbs_txt_pair_bundle_outputs,issue,"[""type:data-source"", ""needs-clinical-review"", ""phase:1-slice"", ""status:blocked""]",M1 evidence-grade source slice,unknown,Sources & ingestion,Open this generated draft as a GitHub issue and place it on the matching Project view once repository credentials are available.,blocked,Review first real July 2026 MBS TXT pair bundle outputs,
.github/generated-issues/024-validate-cms-clfs-parser-against-one-public-file-without-cpt-descriptor-redistribution.md,LIVE-001,Reviewed live-source validation,project_issue_024_validate_cms_clfs_parser_against_one_public_file_without_cpt_descriptor_redistribution,issue,"[""type:parser"", ""risk:licence"", ""phase:1-slice"", ""status:blocked""]",M1 evidence-grade source slice,must,Sources & ingestion,Open this generated draft as a GitHub issue and place it on the matching Project view once repository credentials are available.,blocked,Validate CMS CLFS parser against one public file without CPT descriptor redistribution,
.github/generated-issues/025-validate-pbs-api-csv-parser-against-a-reviewed-monthly-public-extract.md,LIVE-001,Reviewed live-source validation,project_issue_025_validate_pbs_api_csv_parser_against_a_reviewed_monthly_public_extract,issue,"[""type:parser"", ""phase:1-slice"", ""type:medicines"", ""status:blocked""]",M1 evidence-grade source slice,unknown,Sources & ingestion,Open this generated draft as a GitHub issue and place it on the matching Project view once repository credentials are available.,blocked,Validate PBS API CSV parser against a reviewed monthly public extract,
.github/generated-issues/026-validate-cms-asp-parser-against-july-2026-payment-limit-files.md,LIVE-001,Reviewed live-source validation,project_issue_026_validate_cms_asp_parser_against_july_2026_payment_limit_files,issue,"[""type:parser"", ""phase:1-slice"", ""type:medicines"", ""status:blocked""]",M1 evidence-grade source slice,unknown,Sources & ingestion,Open this generated draft as a GitHub issue and place it on the matching Project view once repository credentials are available.,blocked,Validate CMS ASP parser against July 2026 payment-limit files,
.github/generated-issues/027-validate-cms-pfs-parser-against-rvu26c-with-cpt-descriptor-safeguards.md,LIVE-001,Reviewed live-source validation,project_issue_027_validate_cms_pfs_parser_against_rvu26c_with_cpt_descriptor_safeguards,issue,"[""type:parser"", ""risk:licence"", ""phase:1-slice"", ""status:blocked""]",M1 evidence-grade source slice,must,Sources & ingestion,Open this generated draft as a GitHub issue and place it on the matching Project view once repository credentials are available.,blocked,Validate CMS PFS parser against RVU26C with CPT descriptor safeguards,
.github/generated-issues/028-add-public-data-policy-check-to-ci-for-raw-cache-safeguards.md,LIVE-001,Reviewed live-source validation,project_issue_028_add_public_data_policy_check_to_ci_for_raw_cache_safeguards,issue,"[""type:security"", ""risk:licence"", ""phase:1-slice"", ""status:implemented""]",M1 evidence-grade source slice,must,CI/CD & security,Open this generated draft as a GitHub issue and place it on the matching Project view once repository credentials are available.,done,Add public data policy check to CI for raw cache safeguards,
.github/generated-issues/029-add-source-specific-content-validators-for-downloaded-public-files.md,LIVE-001,Reviewed live-source validation,project_issue_029_add_source_specific_content_validators_for_downloaded_public_files,issue,"[""type:data-source"", ""type:parser"", ""phase:1-slice"", ""status:implemented""]",M1 evidence-grade source slice,unknown,Sources & ingestion,Open this generated draft as a GitHub issue and place it on the matching Project view once repository credentials are available.,done,Add source-specific content validators for downloaded public files,
.github/generated-issues/030-add-checksum-pinning-after-first-reviewed-source-downloads.md,LIVE-001,Reviewed live-source validation,project_issue_030_add_checksum_pinning_after_first_reviewed_source_downloads,issue,"[""type:data-source"", ""type:provenance"", ""phase:1-slice"", ""status:implemented""]",M1 evidence-grade source slice,unknown,Sources & ingestion,Open this generated draft as a GitHub issue and place it on the matching Project view once repository credentials are available.,done,Add checksum pinning after first reviewed source downloads,
.github/generated-issues/031-harden-cli-command-surface-and-output-contracts.md,IFACE-001,Read-only interfaces,project_issue_031_harden_cli_command_surface_and_output_contracts,issue,"[""type:cli"", ""phase:1-slice"", ""status:implemented""]",M1 evidence-grade source slice,unknown,Project backlog,Open this generated draft as a GitHub issue and place it on the matching Project view once repository credentials are available.,done,Harden CLI command surface and output contracts,
.github/generated-issues/032-add-optional-read-only-fastapi-smoke-test.md,IFACE-001,Read-only interfaces,project_issue_032_add_optional_read_only_fastapi_smoke_test,issue,"[""type:api"", ""good-first-issue"", ""status:implemented""]",M0 project setup,could,Project backlog,Open this generated draft as a GitHub issue and place it on the matching Project view once repository credentials are available.,done,Add optional read-only FastAPI smoke test,
.github/generated-issues/033-draft-read-only-mcp-server-implementation-plan.md,IFACE-001,Read-only interfaces,project_issue_033_draft_read_only_mcp_server_implementation_plan,issue,"[""type:mcp"", ""phase:2-expansion"", ""status:implemented""]",M4 expansion roadmap,unknown,Project backlog,Open this generated draft as a GitHub issue and place it on the matching Project view once repository credentials are available.,done,Draft read-only MCP server implementation plan,
.github/generated-issues/034-add-readiness-table-views-to-astro-dashboard.md,DASH-002,Generated artefact dashboard tables,project_issue_034_add_readiness_table_views_to_astro_dashboard,issue,"[""type:dashboard"", ""phase:1-slice"", ""status:implemented""]",M1 evidence-grade source slice,unknown,Dashboard & publication,Open this generated draft as a GitHub issue and place it on the matching Project view once repository credentials are available.,done,Add readiness table views to Astro dashboard,
.github/generated-issues/035-add-crosswalk-review-queue-view-to-astro-dashboard.md,DASH-002,Generated artefact dashboard tables,project_issue_035_add_crosswalk_review_queue_view_to_astro_dashboard,issue,"[""type:dashboard"", ""type:mapping"", ""status:implemented""]",M0 project setup,unknown,Dashboard & publication,Open this generated draft as a GitHub issue and place it on the matching Project view once repository credentials are available.,done,Add crosswalk review queue view to Astro dashboard,
.github/generated-issues/036-add-reviewed-source-bundle-workflow-to-live-source-validation-docs.md,PUB-001,Publication and dataset release readiness,project_issue_036_add_reviewed_source_bundle_workflow_to_live_source_validation_docs,issue,"[""type:data-source"", ""risk:licence"", ""phase:1-slice"", ""status:implemented""]",M1 evidence-grade source slice,must,Sources & ingestion,Open this generated draft as a GitHub issue and place it on the matching Project view once repository credentials are available.,done,Add reviewed-source bundle workflow to live-source validation docs,
.github/generated-issues/037-add-seed-jsonl-csv-synchronisation-gate-to-ci.md,PUB-001,Publication and dataset release readiness,project_issue_037_add_seed_jsonl_csv_synchronisation_gate_to_ci,issue,"[""type:automation"", ""phase:1-slice"", ""status:implemented""]",M1 evidence-grade source slice,unknown,CI/CD & security,Open this generated draft as a GitHub issue and place it on the matching Project view once repository credentials are available.,done,Add seed JSONL CSV synchronisation gate to CI,
.github/generated-issues/038-add-candidate-publication-manifest-for-hugging-face-dataset-release.md,PUB-001,Publication and dataset release readiness,project_issue_038_add_candidate_publication_manifest_for_hugging_face_dataset_release,issue,"[""type:publication"", ""risk:licence"", ""phase:1-slice"", ""status:implemented""]",M1 evidence-grade source slice,must,Dashboard & publication,Open this generated draft as a GitHub issue and place it on the matching Project view once repository credentials are available.,done,Add candidate publication manifest for Hugging Face dataset release,
.github/generated-issues/039-add-dashboard-table-for-policy-signal-matrix-and-analysis-recipes.md,PUB-001,Publication and dataset release readiness,project_issue_039_add_dashboard_table_for_policy_signal_matrix_and_analysis_recipes,issue,"[""type:dashboard"", ""type:analysis"", ""status:implemented""]",M0 project setup,unknown,Dashboard & publication,Open this generated draft as a GitHub issue and place it on the matching Project view once repository credentials are available.,done,Add dashboard table for policy signal matrix and analysis recipes,
.github/generated-issues/040-add-synthetic-ontology-concept-seed-parser-and-mapping-templates.md,ONT-001,Local-only terminology seed workflow,project_issue_040_add_synthetic_ontology_concept_seed_parser_and_mapping_templates,issue,"[""type:ontology"", ""risk:licence"", ""phase:1-slice"", ""status:implemented""]",M1 evidence-grade source slice,must,Mappings & ontologies,Open this generated draft as a GitHub issue and place it on the matching Project view once repository credentials are available.,done,Add synthetic ontology concept seed parser and mapping templates,
.github/generated-issues/041-define-local-adapter-contracts-for-rxnav-in-a-box-style-services.md,ONT-001,Local-only terminology seed workflow,project_issue_041_define_local_adapter_contracts_for_rxnav_in_a_box_style_services,issue,"[""type:ontology"", ""type:mcp"", ""phase:2-expansion"", ""status:implemented""]",M4 expansion roadmap,unknown,Mappings & ontologies,Open this generated draft as a GitHub issue and place it on the matching Project view once repository credentials are available.,done,Define local adapter contracts for RxNav-in-a-Box style services,
.github/generated-issues/042-add-architecture-boundary-import-graph-checks-to-ci.md,REL-001,Release readiness and architecture gates,project_issue_042_add_architecture_boundary_import_graph_checks_to_ci,issue,"[""type:architecture"", ""type:automation"", ""phase:hardening"", ""status:implemented""]",M2 release hardening,unknown,Project backlog,Open this generated draft as a GitHub issue and place it on the matching Project view once repository credentials are available.,done,Add architecture-boundary import graph checks to CI,
.github/generated-issues/043-add-release-readiness-matrix-with-required-blocker-counts.md,REL-001,Release readiness and architecture gates,project_issue_043_add_release_readiness_matrix_with_required_blocker_counts,issue,"[""type:release"", ""type:automation"", ""phase:hardening"", ""status:implemented""]",M2 release hardening,unknown,Quality & release gates,Open this generated draft as a GitHub issue and place it on the matching Project view once repository credentials are available.,done,Add release-readiness matrix with required-blocker counts,
.github/generated-issues/044-resolve-github-action-sha-pinning-plan-and-make-zizmor-blocking.md,REL-001,Release readiness and architecture gates,project_issue_044_resolve_github_action_sha_pinning_plan_and_make_zizmor_blocking,issue,"[""type:security"", ""type:supply-chain"", ""phase:hardening"", ""status:implemented""]",M2 release hardening,must,CI/CD & security,Open this generated draft as a GitHub issue and place it on the matching Project view once repository credentials are available.,done,Resolve GitHub Action SHA pinning plan and make zizmor blocking,
.github/generated-issues/045-run-pip-audit-strict-in-network-enabled-ci-before-public-release.md,REL-001,Release readiness and architecture gates,project_issue_045_run_pip_audit_strict_in_network_enabled_ci_before_public_release,issue,"[""type:security"", ""phase:hardening"", ""status:implemented""]",M2 release hardening,must,CI/CD & security,Open this generated draft as a GitHub issue and place it on the matching Project view once repository credentials are available.,done,Run pip-audit strict in network-enabled CI before public release,
.github/generated-issues/046-maintain-structured-issue-forms-for-source-analysis-and-quality-work.md,REL-001,Release readiness and architecture gates,project_issue_046_maintain_structured_issue_forms_for_source_analysis_and_quality_work,issue,"[""type:repo-automation"", ""phase:hardening"", ""status:implemented""]",M2 release hardening,unknown,CI/CD & security,Open this generated draft as a GitHub issue and place it on the matching Project view once repository credentials are available.,done,"Maintain structured issue forms for source, analysis and quality work",
.github/generated-issues/047-gate-osf-publication-on-protocol-status-readiness-table.md,OSF-002,Protocol completeness and OSF release gates,project_issue_047_gate_osf_publication_on_protocol_status_readiness_table,issue,"[""type:research"", ""type:osf"", ""phase:hardening"", ""status:implemented""]",M2 release hardening,unknown,Research & OSF,Open this generated draft as a GitHub issue and place it on the matching Project view once repository credentials are available.,done,Gate OSF publication on protocol-status readiness table,
.github/generated-issues/048-expand-protocol-templates-with-source-specific-sensitivity-analyses.md,OSF-002,Protocol completeness and OSF release gates,project_issue_048_expand_protocol_templates_with_source_specific_sensitivity_analyses,issue,"[""type:research"", ""type:methods"", ""phase:analysis"", ""status:implemented""]",M3 policy demonstrators,unknown,Research & OSF,Open this generated draft as a GitHub issue and place it on the matching Project view once repository credentials are available.,done,Expand protocol templates with source-specific sensitivity analyses,
.github/generated-issues/049-add-reviewer-checklist-for-each-protocol-before-preregistration.md,OSF-002,Protocol completeness and OSF release gates,project_issue_049_add_reviewer_checklist_for_each_protocol_before_preregistration,issue,"[""type:review"", ""type:osf"", ""phase:analysis"", ""status:implemented""]",M3 policy demonstrators,unknown,Project backlog,Open this generated draft as a GitHub issue and place it on the matching Project view once repository credentials are available.,done,Add reviewer checklist for each protocol before preregistration,
.github/generated-issues/050-add-source-content-validation-gate-for-downloaded-public-files.md,DQ-001,Data quality and evidence readiness gates,project_issue_050_add_source_content_validation_gate_for_downloaded_public_files,issue,"[""type:data-quality"", ""type:data-source"", ""phase:hardening"", ""status:implemented""]",M2 release hardening,unknown,Quality & release gates,Open this generated draft as a GitHub issue and place it on the matching Project view once repository credentials are available.,done,Add source-content validation gate for downloaded public files,
.github/generated-issues/051-add-data-quality-checks-as-a-release-readiness-gate.md,DQ-001,Data quality and evidence readiness gates,project_issue_051_add_data_quality_checks_as_a_release_readiness_gate,issue,"[""type:data-quality"", ""type:release"", ""phase:hardening"", ""status:implemented""]",M2 release hardening,unknown,Quality & release gates,Open this generated draft as a GitHub issue and place it on the matching Project view once repository credentials are available.,done,Add data-quality checks as a release-readiness gate,
.github/generated-issues/052-add-research-question-linkage-matrix-to-roadmap-and-osf-planning.md,DQ-001,Data quality and evidence readiness gates,project_issue_052_add_research_question_linkage_matrix_to_roadmap_and_osf_planning,issue,"[""type:research"", ""type:roadmap"", ""phase:hardening"", ""status:implemented""]",M2 release hardening,unknown,Research & OSF,Open this generated draft as a GitHub issue and place it on the matching Project view once repository credentials are available.,done,Add research-question linkage matrix to roadmap and OSF planning,
.github/generated-issues/053-add-dashboard-views-for-source-validation-and-data-quality-checks.md,DQ-001,Data quality and evidence readiness gates,project_issue_053_add_dashboard_views_for_source_validation_and_data_quality_checks,issue,"[""type:dashboard"", ""type:data-quality"", ""phase:hardening"", ""status:implemented""]",M2 release hardening,unknown,Dashboard & publication,Open this generated draft as a GitHub issue and place it on the matching Project view once repository credentials are available.,done,Add dashboard views for source validation and data-quality checks,
.github/generated-issues/054-add-source-specific-record-count-and-schema-validators-after-first-real-downloads.md,DQ-001,Data quality and evidence readiness gates,project_issue_054_add_source_specific_record_count_and_schema_validators_after_first_real_downloads,issue,"[""type:parser"", ""type:data-quality"", ""phase:implementation"", ""status:implemented""]",M3 policy demonstrators,unknown,Sources & ingestion,Open this generated draft as a GitHub issue and place it on the matching Project view once repository credentials are available.,done,Add source-specific record-count and schema validators after first real downloads,
.github/generated-issues/055-generate-evidence-readiness-matrix-for-each-protocolled-research-question.md,EVID-017,"Evidence readiness, source drift and data dictionary gates",project_issue_055_generate_evidence_readiness_matrix_for_each_protocolled_research_question,issue,"[""type:data-quality"", ""phase:release-gate"", ""status:implemented""]",M2 release hardening,unknown,Quality & release gates,Open this generated draft as a GitHub issue and place it on the matching Project view once repository credentials are available.,done,Generate evidence-readiness matrix for each protocolled research question,
.github/generated-issues/056-add-source-schema-drift-reporting-to-release-readiness.md,EVID-017,"Evidence readiness, source drift and data dictionary gates",project_issue_056_add_source_schema_drift_reporting_to_release_readiness,issue,"[""type:data-quality"", ""phase:release-gate"", ""status:implemented""]",M2 release hardening,unknown,Quality & release gates,Open this generated draft as a GitHub issue and place it on the matching Project view once repository credentials are available.,done,Add source/schema drift reporting to release readiness,
.github/generated-issues/057-generate-public-artefact-data-dictionary-for-hugging-face-and-osf-outputs.md,EVID-017,"Evidence readiness, source drift and data dictionary gates",project_issue_057_generate_public_artefact_data_dictionary_for_hugging_face_and_osf_outputs,issue,"[""type:publication"", ""phase:release-gate"", ""status:implemented""]",M2 release hardening,unknown,Dashboard & publication,Open this generated draft as a GitHub issue and place it on the matching Project view once repository credentials are available.,done,Generate public artefact data dictionary for Hugging Face and OSF outputs,
.github/generated-issues/058-expand-osf-protocols-and-report-scaffolds-with-required-sections.md,EVID-017,"Evidence readiness, source drift and data dictionary gates",project_issue_058_expand_osf_protocols_and_report_scaffolds_with_required_sections,issue,"[""type:research"", ""type:osf"", ""status:implemented""]",M0 project setup,unknown,Research & OSF,Open this generated draft as a GitHub issue and place it on the matching Project view once repository credentials are available.,done,Expand OSF protocols and report scaffolds with required sections,
.github/generated-issues/059-add-source-specific-contract-validation-before-reviewed-source-bundle-parsing.md,HANDOFF-018,Final local continuation and GitHub Project handoff gates,project_issue_059_add_source_specific_contract_validation_before_reviewed_source_bundle_parsing,issue,"[""type:data-quality"", ""type:parser"", ""phase:handoff"", ""status:implemented""]",M0 project setup,unknown,Quality & release gates,Open this generated draft as a GitHub issue and place it on the matching Project view once repository credentials are available.,done,Add source-specific contract validation before reviewed-source bundle parsing,
.github/generated-issues/060-generate-github-project-import-rows-from-conductor-tracks-and-issue-drafts.md,HANDOFF-018,Final local continuation and GitHub Project handoff gates,project_issue_060_generate_github_project_import_rows_from_conductor_tracks_and_issue_drafts,issue,"[""type:repo-automation"", ""type:project"", ""phase:handoff"", ""status:implemented""]",M0 project setup,unknown,CI/CD & security,Open this generated draft as a GitHub issue and place it on the matching Project view once repository credentials are available.,done,Generate GitHub Project import rows from Conductor tracks and issue drafts,
.github/generated-issues/061-generate-final-network-credential-and-review-handoff-checklist.md,HANDOFF-018,Final local continuation and GitHub Project handoff gates,project_issue_061_generate_final_network_credential_and_review_handoff_checklist,issue,"[""type:release"", ""type:handoff"", ""phase:handoff"", ""status:implemented""]",M0 project setup,unknown,Quality & release gates,Open this generated draft as a GitHub issue and place it on the matching Project view once repository credentials are available.,done,Generate final network credential and review handoff checklist,
.github/generated-issues/062-expose-source-contracts-github-project-rows-and-final-handoff-tasks-in-dashboard.md,HANDOFF-018,Final local continuation and GitHub Project handoff gates,project_issue_062_expose_source_contracts_github_project_rows_and_final_handoff_tasks_in_dashboard,issue,"[""type:dashboard"", ""phase:handoff"", ""status:implemented""]",M0 project setup,unknown,Dashboard & publication,Open this generated draft as a GitHub issue and place it on the matching Project view once repository credentials are available.,done,Expose source contracts GitHub Project rows and final handoff tasks in dashboard,
.github/generated-issues/063-add-codex-import-prompt-for-git-bundle-restoration-and-track-execution.md,HANDOFF-019,Codex bundle import and full track execution handoff,project_issue_063_add_codex_import_prompt_for_git_bundle_restoration_and_track_execution,issue,"[""type:handoff"", ""type:repo-automation"", ""phase:handoff"", ""status:implemented""]",M0 project setup,unknown,Project backlog,Open this generated draft as a GitHub issue and place it on the matching Project view once repository credentials are available.,done,Add Codex import prompt for git bundle restoration and track execution,
.github/generated-issues/064-verify-codex-continuation-process-regenerates-conductor-issue-and-project-outputs.md,HANDOFF-019,Codex bundle import and full track execution handoff,project_issue_064_verify_codex_continuation_process_regenerates_conductor_issue_and_project_outputs,issue,"[""type:project"", ""type:repo-automation"", ""phase:handoff"", ""status:implemented""]",M0 project setup,unknown,Project backlog,Open this generated draft as a GitHub issue and place it on the matching Project view once repository credentials are available.,done,Verify Codex continuation process regenerates Conductor issue and project outputs,
.github/generated-issues/065-ensure-continuation-agents-record-blockers-rather-than-marking-unavailable-gates-green.md,HANDOFF-019,Codex bundle import and full track execution handoff,project_issue_065_ensure_continuation_agents_record_blockers_rather_than_marking_unavailable_gates_green,issue,"[""type:quality-gate"", ""type:release"", ""phase:handoff"", ""status:implemented""]",M0 project setup,unknown,Project backlog,Open this generated draft as a GitHub issue and place it on the matching Project view once repository credentials are available.,done,Ensure continuation agents record blockers rather than marking unavailable gates green,
.github/generated-issues/066-make-actionlint-and-zizmor-blocking-protected-branch-checks.md,SEC-020,Continuous security assurance and branch enforcement,project_issue_066_make_actionlint_and_zizmor_blocking_protected_branch_checks,issue,"[""type:security"", ""type:supply-chain"", ""phase:hardening"", ""status:implemented""]",M2 release hardening,must,CI/CD & security,Open this generated draft as a GitHub issue and place it on the matching Project view once repository credentials are available.,done,Make actionlint and zizmor blocking protected-branch checks,
.github/generated-issues/067-scan-complete-git-history-for-committed-secrets.md,SEC-020,Continuous security assurance and branch enforcement,project_issue_067_scan_complete_git_history_for_committed_secrets,issue,"[""type:security"", ""phase:hardening"", ""status:implemented""]",M2 release hardening,must,CI/CD & security,Open this generated draft as a GitHub issue and place it on the matching Project view once repository credentials are available.,done,Scan complete Git history for committed secrets,
.github/generated-issues/068-verify-reproducible-python-release-artefacts-in-ci.md,SEC-020,Continuous security assurance and branch enforcement,project_issue_068_verify_reproducible_python_release_artefacts_in_ci,issue,"[""type:supply-chain"", ""type:release"", ""phase:hardening"", ""status:implemented""]",M2 release hardening,unknown,Project backlog,Open this generated draft as a GitHub issue and place it on the matching Project view once repository credentials are available.,done,Verify reproducible Python release artefacts in CI,
.github/generated-issues/069-require-security-and-harness-contexts-in-branch-protection.md,SEC-020,Continuous security assurance and branch enforcement,project_issue_069_require_security_and_harness_contexts_in_branch_protection,issue,"[""type:security"", ""type:repo-automation"", ""phase:hardening"", ""status:implemented""]",M2 release hardening,must,CI/CD & security,Open this generated draft as a GitHub issue and place it on the matching Project view once repository credentials are available.,done,Require security and harness contexts in branch protection,
.github/generated-issues/070-run-property-integration-and-end-to-end-harnesses-as-separate-ci-lanes.md,HARNESS-021,Layered harness engineering and deterministic regeneration,project_issue_070_run_property_integration_and_end_to_end_harnesses_as_separate_ci_lanes,issue,"[""type:test"", ""type:automation"", ""phase:hardening"", ""status:implemented""]",M2 release hardening,unknown,Project backlog,Open this generated draft as a GitHub issue and place it on the matching Project view once repository credentials are available.,done,Run property integration and end-to-end harnesses as separate CI lanes,
.github/generated-issues/071-enforce-deterministic-generated-output-regeneration.md,HARNESS-021,Layered harness engineering and deterministic regeneration,project_issue_071_enforce_deterministic_generated_output_regeneration,issue,"[""type:test"", ""type:reproducibility"", ""phase:hardening"", ""status:implemented""]",M2 release hardening,unknown,Project backlog,Open this generated draft as a GitHub issue and place it on the matching Project view once repository credentials are available.,done,Enforce deterministic generated-output regeneration,
.github/generated-issues/072-bound-mutation-testing-with-timeouts-and-cancellation.md,HARNESS-021,Layered harness engineering and deterministic regeneration,project_issue_072_bound_mutation_testing_with_timeouts_and_cancellation,issue,"[""type:test"", ""type:mutation"", ""phase:hardening"", ""status:implemented""]",M2 release hardening,unknown,Project backlog,Open this generated draft as a GitHub issue and place it on the matching Project view once repository credentials are available.,done,Bound mutation testing with timeouts and cancellation,
.github/generated-issues/073-public-product-citation-and-dashboard-maturity.md,PUBLIC-022,"Public product, citation and dashboard maturity",project_issue_073_public_product_citation_and_dashboard_maturity,issue,"[""type:track"", ""type:dashboard"", ""type:publication"", ""priority:must"", ""status:implemented""]",M0 project setup,must,Project backlog,Open this generated draft as a GitHub issue and place it on the matching Project view once repository credentials are available.,done,"Public product, citation and dashboard maturity",track_public_product_citation_dashboard
.github/generated-issues/074-implement-robust-source-download-command-with-curl-wget-api-fallbacks.md,TRACK_LIVE_SOURCE_INGESTION,Evidence-grade live source ingestion,project_issue_074_implement_robust_source_download_command_with_curl_wget_api_fallbacks,issue,"[""type:roadmap-function"", ""priority:must"", ""interface:cli"", ""status:implemented""]",M0 project setup,must,Project backlog,Open this generated draft as a GitHub issue and place it on the matching Project view once repository credentials are available.,done,Implement robust source download command with curl/wget/API fallbacks,track_live_source_ingestion
.github/generated-issues/075-maintain-source-snapshot-provenance-for-all-reviewed-downloads.md,TRACK_LIVE_SOURCE_INGESTION,Evidence-grade live source ingestion,project_issue_075_maintain_source_snapshot_provenance_for_all_reviewed_downloads,issue,"[""type:roadmap-function"", ""priority:must"", ""interface:cli"", ""status:implemented""]",M0 project setup,must,Project backlog,Open this generated draft as a GitHub issue and place it on the matching Project view once repository credentials are available.,done,Maintain source snapshot provenance for all reviewed downloads,track_live_source_ingestion
.github/generated-issues/076-maintain-source-drift-and-schema-diff-reports-as-release-gates.md,TRACK_LIVE_SOURCE_INGESTION,Evidence-grade live source ingestion,project_issue_076_maintain_source_drift_and_schema_diff_reports_as_release_gates,issue,"[""type:roadmap-function"", ""priority:should"", ""interface:data_pipeline"", ""status:implemented""]",M0 project setup,should,Project backlog,Open this generated draft as a GitHub issue and place it on the matching Project view once repository credentials are available.,done,Maintain source drift and schema diff reports as release gates,track_live_source_ingestion
.github/generated-issues/077-implement-mojo-fixed-width-tokenizer-kernel-and-python-parity-test.md,TRACK_RUNTIME_MOJO_PYTHON314,Mojo-first runtime and Python 3.14 compatibility,project_issue_077_implement_mojo_fixed_width_tokenizer_kernel_and_python_parity_test,issue,"[""type:roadmap-function"", ""priority:must"", ""interface:mojo_kernel"", ""status:implemented""]",M0 project setup,must,Project backlog,Open this generated draft as a GitHub issue and place it on the matching Project view once repository credentials are available.,done,Implement Mojo fixed-width tokenizer kernel and Python parity test,track_runtime_mojo_python314
.github/generated-issues/078-prototype-mojo-fuzzy-prefilter-for-large-crosswalk-candidate-sets.md,TRACK_RUNTIME_MOJO_PYTHON314,Mojo-first runtime and Python 3.14 compatibility,project_issue_078_prototype_mojo_fuzzy_prefilter_for_large_crosswalk_candidate_sets,issue,"[""type:roadmap-function"", ""priority:should"", ""interface:mojo_kernel"", ""status:prototype""]",M0 project setup,should,Project backlog,Open this generated draft as a GitHub issue and place it on the matching Project view once repository credentials are available.,todo,Prototype Mojo fuzzy prefilter for large crosswalk candidate sets,track_runtime_mojo_python314
.github/generated-issues/079-add-python-3-14-ci-matrix-and-keep-sandbox-fallback-documented.md,TRACK_RUNTIME_MOJO_PYTHON314,Mojo-first runtime and Python 3.14 compatibility,project_issue_079_add_python_3_14_ci_matrix_and_keep_sandbox_fallback_documented,issue,"[""type:roadmap-function"", ""priority:must"", ""interface:github_action"", ""status:implemented""]",M0 project setup,must,Project backlog,Open this generated draft as a GitHub issue and place it on the matching Project view once repository credentials are available.,done,Add Python 3.14 CI matrix and keep sandbox fallback documented,track_runtime_mojo_python314
.github/generated-issues/080-generate-osf-protocol-pack-from-research-question-registry.md,TRACK_RESEARCH_PROTOCOLS_OSF,OSF research protocol and report workflow,project_issue_080_generate_osf_protocol_pack_from_research_question_registry,issue,"[""type:roadmap-function"", ""priority:must"", ""interface:data_pipeline"", ""status:implemented""]",M0 project setup,must,Project backlog,Open this generated draft as a GitHub issue and place it on the matching Project view once repository credentials are available.,done,Generate OSF protocol pack from research question registry,track_research_protocols_osf
.github/generated-issues/081-add-token-gated-osf-api-publication-workflow.md,TRACK_RESEARCH_PROTOCOLS_OSF,OSF research protocol and report workflow,project_issue_081_add_token_gated_osf_api_publication_workflow,issue,"[""type:roadmap-function"", ""priority:should"", ""interface:github_action"", ""status:implemented""]",M0 project setup,should,Project backlog,Open this generated draft as a GitHub issue and place it on the matching Project view once repository credentials are available.,done,Add token-gated OSF API publication workflow,track_research_protocols_osf
.github/generated-issues/082-implement-conditional-hugging-face-dataset-publication-workflow.md,TRACK_PUBLICATION_HF_SPACES,Hugging Face dataset and Spaces publication,project_issue_082_implement_conditional_hugging_face_dataset_publication_workflow,issue,"[""type:roadmap-function"", ""priority:must"", ""interface:github_action"", ""status:implemented""]",M0 project setup,must,Project backlog,Open this generated draft as a GitHub issue and place it on the matching Project view once repository credentials are available.,done,Implement conditional Hugging Face dataset publication workflow,track_publication_hf_spaces
.github/generated-issues/083-implement-conditional-hugging-face-space-deployment-workflow.md,TRACK_PUBLICATION_HF_SPACES,Hugging Face dataset and Spaces publication,project_issue_083_implement_conditional_hugging_face_space_deployment_workflow,issue,"[""type:roadmap-function"", ""priority:must"", ""interface:github_action"", ""status:implemented""]",M0 project setup,must,Project backlog,Open this generated draft as a GitHub issue and place it on the matching Project view once repository credentials are available.,done,Implement conditional Hugging Face Space deployment workflow,track_publication_hf_spaces
.github/generated-issues/084-add-frictionless-data-package-generator.md,TRACK_DATA_PACKAGING_STANDARDS,Research-data packaging standards,project_issue_084_add_frictionless_data_package_generator,issue,"[""type:roadmap-function"", ""priority:should"", ""interface:data_pipeline"", ""status:implemented""]",M0 project setup,should,Project backlog,Open this generated draft as a GitHub issue and place it on the matching Project view once repository credentials are available.,done,Add Frictionless Data Package generator,track_data_packaging_standards
.github/generated-issues/085-add-ro-crate-metadata-generator.md,TRACK_DATA_PACKAGING_STANDARDS,Research-data packaging standards,project_issue_085_add_ro_crate_metadata_generator,issue,"[""type:roadmap-function"", ""priority:should"", ""interface:data_pipeline"", ""status:implemented""]",M0 project setup,should,Project backlog,Open this generated draft as a GitHub issue and place it on the matching Project view once repository credentials are available.,done,Add RO-Crate metadata generator,track_data_packaging_standards
.github/generated-issues/086-add-dcat-json-ld-export.md,TRACK_DATA_PACKAGING_STANDARDS,Research-data packaging standards,project_issue_086_add_dcat_json_ld_export,issue,"[""type:roadmap-function"", ""priority:could"", ""interface:data_pipeline"", ""status:implemented""]",M0 project setup,could,Project backlog,Open this generated draft as a GitHub issue and place it on the matching Project view once repository credentials are available.,done,Add DCAT JSON-LD export,track_data_packaging_standards
.github/generated-issues/087-build-dashboard-mapping-adjudication-views.md,TRACK_MAPPING_WORKBENCH,Human-in-the-loop mapping workbench,project_issue_087_build_dashboard_mapping_adjudication_views,issue,"[""type:roadmap-function"", ""priority:must"", ""interface:dashboard"", ""status:implemented""]",M0 project setup,must,Project backlog,Open this generated draft as a GitHub issue and place it on the matching Project view once repository credentials are available.,done,Build dashboard mapping adjudication views,track_mapping_workbench
.github/generated-issues/088-add-mapping-gold-standard-and-negative-control-datasets.md,TRACK_MAPPING_WORKBENCH,Human-in-the-loop mapping workbench,project_issue_088_add_mapping_gold_standard_and_negative_control_datasets,issue,"[""type:roadmap-function"", ""priority:must"", ""interface:data_pipeline"", ""status:implemented""]",M0 project setup,must,Project backlog,Open this generated draft as a GitHub issue and place it on the matching Project view once repository credentials are available.,done,Add mapping gold-standard and negative-control datasets,track_mapping_workbench
.github/generated-issues/089-automate-github-action-sha-pinning.md,TRACK_CI_CD_SUPPLY_CHAIN,CI/CD and supply-chain hardening,project_issue_089_automate_github_action_sha_pinning,issue,"[""type:roadmap-function"", ""priority:must"", ""interface:github_action"", ""status:implemented""]",M0 project setup,must,Project backlog,Open this generated draft as a GitHub issue and place it on the matching Project view once repository credentials are available.,done,Automate GitHub Action SHA pinning,track_ci_cd_supply_chain
.github/generated-issues/090-add-consumer-side-artifact-attestation-verification.md,TRACK_CI_CD_SUPPLY_CHAIN,CI/CD and supply-chain hardening,project_issue_090_add_consumer_side_artifact_attestation_verification,issue,"[""type:roadmap-function"", ""priority:should"", ""interface:github_action"", ""status:implemented""]",M0 project setup,should,Project backlog,Open this generated draft as a GitHub issue and place it on the matching Project view once repository credentials are available.,done,Add consumer-side artifact attestation verification,track_ci_cd_supply_chain
.github/generated-issues/091-implement-genomics-pathology-policy-demonstrator.md,TRACK_POLICY_DEMONSTRATORS,First policy demonstrators,project_issue_091_implement_genomics_pathology_policy_demonstrator,issue,"[""type:roadmap-function"", ""priority:must"", ""interface:data_pipeline"", ""status:implemented""]",M0 project setup,must,Project backlog,Open this generated draft as a GitHub issue and place it on the matching Project view once repository credentials are available.,done,Implement genomics/pathology policy demonstrator,track_policy_demonstrators
.github/generated-issues/092-implement-cognitive-versus-procedural-relativity-analysis.md,TRACK_POLICY_DEMONSTRATORS,First policy demonstrators,project_issue_092_implement_cognitive_versus_procedural_relativity_analysis,issue,"[""type:roadmap-function"", ""priority:must"", ""interface:data_pipeline"", ""status:implemented""]",M0 project setup,must,Project backlog,Open this generated draft as a GitHub issue and place it on the matching Project view once repository credentials are available.,done,Implement cognitive versus procedural relativity analysis,track_policy_demonstrators
.github/generated-issues/093-implement-medicine-price-opacity-scorecard.md,TRACK_POLICY_DEMONSTRATORS,First policy demonstrators,project_issue_093_implement_medicine_price_opacity_scorecard,issue,"[""type:roadmap-function"", ""priority:should"", ""interface:data_pipeline"", ""status:implemented""]",M0 project setup,should,Project backlog,Open this generated draft as a GitHub issue and place it on the matching Project view once repository credentials are available.,done,Implement medicine price-opacity scorecard,track_policy_demonstrators
.github/generated-issues/094-generate-protocol-status-gate-for-osf-research-outputs.md,TRACK_RESEARCH_PROTOCOLS_OSF,OSF research protocol and report workflow,project_issue_094_generate_protocol_status_gate_for_osf_research_outputs,issue,"[""type:roadmap-function"", ""priority:must"", ""interface:data_pipeline"", ""status:implemented""]",M0 project setup,must,Project backlog,Open this generated draft as a GitHub issue and place it on the matching Project view once repository credentials are available.,done,Generate protocol-status gate for OSF research outputs,track_research_protocols_osf
.github/generated-issues/095-harden-source-download-commands-with-quoting-retry-resume-and-sidecar-metadata.md,TRACK_LIVE_SOURCE_INGESTION,Evidence-grade live source ingestion,project_issue_095_harden_source_download_commands_with_quoting_retry_resume_and_sidecar_metadata,issue,"[""type:roadmap-function"", ""priority:must"", ""interface:cli"", ""status:implemented""]",M0 project setup,must,Project backlog,Open this generated draft as a GitHub issue and place it on the matching Project view once repository credentials are available.,done,"Harden source download commands with quoting, retry, resume and sidecar metadata",track_live_source_ingestion
.github/generated-issues/099-generate-evidence-readiness-matrix-for-each-research-question.md,TRACK_DATA_QUALITY_EVIDENCE,"Data quality, source validation and evidence readiness",project_issue_099_generate_evidence_readiness_matrix_for_each_research_question,issue,"[""type:roadmap-function"", ""priority:must"", ""interface:data_pipeline"", ""status:implemented""]",M0 project setup,must,Project backlog,Open this generated draft as a GitHub issue and place it on the matching Project view once repository credentials are available.,done,Generate evidence-readiness matrix for each research question,track_data_quality_evidence
.github/generated-issues/102-correct-and-schema-validate-citation-cff.md,TRACK_PUBLIC_PRODUCT_CITATION_DASHBOARD,"Public product, citation and dashboard maturity",project_issue_102_correct_and_schema_validate_citation_cff,issue,"[""type:roadmap-function"", ""priority:must"", ""interface:github_action"", ""status:implemented""]",M0 project setup,must,Project backlog,Open this generated draft as a GitHub issue and place it on the matching Project view once repository credentials are available.,done,Correct and schema-validate CITATION.cff,track_public_product_citation_dashboard
.github/generated-issues/103-rewrite-readme-for-current-product-state-and-citation-guidance.md,TRACK_PUBLIC_PRODUCT_CITATION_DASHBOARD,"Public product, citation and dashboard maturity",project_issue_103_rewrite_readme_for_current_product_state_and_citation_guidance,issue,"[""type:roadmap-function"", ""priority:must"", ""interface:github_action"", ""status:implemented""]",M0 project setup,must,Project backlog,Open this generated draft as a GitHub issue and place it on the matching Project view once repository credentials are available.,done,Rewrite README for current product state and citation guidance,track_public_product_citation_dashboard
.github/generated-issues/104-deploy-the-static-dashboard-to-github-pages-and-mirror-to-hugging-face-spaces.md,TRACK_PUBLIC_PRODUCT_CITATION_DASHBOARD,"Public product, citation and dashboard maturity",project_issue_104_deploy_the_static_dashboard_to_github_pages_and_mirror_to_hugging_face_spaces,issue,"[""type:roadmap-function"", ""priority:must"", ""interface:github_action"", ""status:implemented""]",M0 project setup,must,Project backlog,Open this generated draft as a GitHub issue and place it on the matching Project view once repository credentials are available.,done,Deploy the static dashboard to GitHub Pages and mirror to Hugging Face Spaces,track_public_product_citation_dashboard
.github/generated-issues/105-build-an-executive-dashboard-overview-with-readiness-and-blocker-kpis.md,TRACK_PUBLIC_PRODUCT_CITATION_DASHBOARD,"Public product, citation and dashboard maturity",project_issue_105_build_an_executive_dashboard_overview_with_readiness_and_blocker_kpis,issue,"[""type:roadmap-function"", ""priority:must"", ""interface:dashboard"", ""status:implemented""]",M0 project setup,must,Project backlog,Open this generated draft as a GitHub issue and place it on the matching Project view once repository credentials are available.,done,Build an executive dashboard overview with readiness and blocker KPIs,track_public_product_citation_dashboard
.github/generated-issues/106-add-dashboard-search-filters-downloads-and-stable-deep-links.md,TRACK_PUBLIC_PRODUCT_CITATION_DASHBOARD,"Public product, citation and dashboard maturity",project_issue_106_add_dashboard_search_filters_downloads_and_stable_deep_links,issue,"[""type:roadmap-function"", ""priority:should"", ""interface:dashboard"", ""status:implemented""]",M0 project setup,should,Project backlog,Open this generated draft as a GitHub issue and place it on the matching Project view once repository credentials are available.,done,Add dashboard search filters downloads and stable deep links,track_public_product_citation_dashboard
.github/generated-issues/107-add-dashboard-provenance-and-mapping-evidence-drill-down.md,TRACK_PUBLIC_PRODUCT_CITATION_DASHBOARD,"Public product, citation and dashboard maturity",project_issue_107_add_dashboard_provenance_and_mapping_evidence_drill_down,issue,"[""type:roadmap-function"", ""priority:must"", ""interface:dashboard"", ""status:implemented""]",M0 project setup,must,Project backlog,Open this generated draft as a GitHub issue and place it on the matching Project view once repository credentials are available.,done,Add dashboard provenance and mapping-evidence drill-down,track_public_product_citation_dashboard
.github/generated-issues/108-add-dashboard-accessibility-performance-and-visual-regression-gates.md,TRACK_PUBLIC_PRODUCT_CITATION_DASHBOARD,"Public product, citation and dashboard maturity",project_issue_108_add_dashboard_accessibility_performance_and_visual_regression_gates,issue,"[""type:roadmap-function"", ""priority:must"", ""interface:github_action"", ""status:implemented""]",M0 project setup,must,Project backlog,Open this generated draft as a GitHub issue and place it on the matching Project view once repository credentials are available.,done,Add dashboard accessibility performance and visual regression gates,track_public_product_citation_dashboard
.github/generated-issues/109-publish-machine-readable-project-status-and-readiness-badges.md,TRACK_PUBLIC_PRODUCT_CITATION_DASHBOARD,"Public product, citation and dashboard maturity",project_issue_109_publish_machine_readable_project_status_and_readiness_badges,issue,"[""type:roadmap-function"", ""priority:should"", ""interface:data_pipeline"", ""status:implemented""]",M0 project setup,should,Project backlog,Open this generated draft as a GitHub issue and place it on the matching Project view once repository credentials are available.,done,Publish machine-readable project status and readiness badges,track_public_product_citation_dashboard
.github/generated-issues/110-add-documentation-freshness-and-claim-validation-gate.md,TRACK_CI_CD_SUPPLY_CHAIN,CI/CD and supply-chain hardening,project_issue_110_add_documentation_freshness_and_claim_validation_gate,issue,"[""type:roadmap-function"", ""priority:must"", ""interface:github_action"", ""status:implemented""]",M0 project setup,must,Project backlog,Open this generated draft as a GitHub issue and place it on the matching Project view once repository credentials are available.,done,Add documentation freshness and claim-validation gate,track_ci_cd_supply_chain
.github/generated-issues/111-create-signed-release-and-zenodo-doi-after-publication-approval.md,TRACK_DATA_PACKAGING_STANDARDS,Research-data packaging standards,project_issue_111_create_signed_release_and_zenodo_doi_after_publication_approval,issue,"[""type:roadmap-function"", ""priority:should"", ""interface:github_action"", ""status:planned""]",M0 project setup,should,Project backlog,Open this generated draft as a GitHub issue and place it on the matching Project view once repository credentials are available.,todo,Create signed release and Zenodo DOI after publication approval,track_data_packaging_standards
.github/generated-issues/112-expand-reviewed-coverage-with-historical-mbs-and-pbs-bundles.md,TRACK_LIVE_SOURCE_INGESTION,Evidence-grade live source ingestion,project_issue_112_expand_reviewed_coverage_with_historical_mbs_and_pbs_bundles,issue,"[""type:roadmap-function"", ""priority:must"", ""interface:data_pipeline"", ""status:planned""]",M0 project setup,must,Project backlog,Open this generated draft as a GitHub issue and place it on the matching Project view once repository credentials are available.,todo,Expand reviewed coverage with historical MBS and PBS bundles,track_live_source_ingestion
.github/generated-issues/113-add-idempotent-manifest-driven-osf-synchronization.md,TRACK_RESEARCH_PROTOCOLS_OSF,OSF research protocol and report workflow,project_issue_113_add_idempotent_manifest_driven_osf_synchronization,issue,"[""type:roadmap-function"", ""priority:must"", ""interface:cli"", ""status:implemented""]",M0 project setup,must,Project backlog,Open this generated draft as a GitHub issue and place it on the matching Project view once repository credentials are available.,done,Add idempotent manifest-driven OSF synchronization,track_research_protocols_osf
.github/generated-issues/113-onboard-dataset-candidate-cms-medicare-coverage-database-downloads.md,DATASET-CANDIDATES,Additional dataset and country onboarding,project_issue_113_onboard_dataset_candidate_cms_medicare_coverage_database_downloads,issue,"[""type:data-source"", ""priority:must"", ""phase:future""]",M4 expansion roadmap,must,Sources & ingestion,Open this generated draft as a GitHub issue and place it on the matching Project view once repository credentials are available.,todo,Onboard dataset candidate: CMS Medicare Coverage Database downloads,
.github/generated-issues/114-onboard-dataset-candidate-cms-hospital-price-transparency-mrfs.md,DATASET-CANDIDATES,Additional dataset and country onboarding,project_issue_114_onboard_dataset_candidate_cms_hospital_price_transparency_mrfs,issue,"[""type:data-source"", ""priority:should"", ""phase:future""]",M4 expansion roadmap,should,Sources & ingestion,Open this generated draft as a GitHub issue and place it on the matching Project view once repository credentials are available.,todo,Onboard dataset candidate: CMS Hospital Price Transparency MRFs,
.github/generated-issues/115-onboard-dataset-candidate-transparency-in-coverage-mrfs.md,DATASET-CANDIDATES,Additional dataset and country onboarding,project_issue_115_onboard_dataset_candidate_transparency_in_coverage_mrfs,issue,"[""type:data-source"", ""priority:could"", ""phase:future""]",M4 expansion roadmap,could,Sources & ingestion,Open this generated draft as a GitHub issue and place it on the matching Project view once repository credentials are available.,todo,Onboard dataset candidate: Transparency in Coverage MRFs,
.github/generated-issues/116-onboard-dataset-candidate-cms-open-payments.md,DATASET-CANDIDATES,Additional dataset and country onboarding,project_issue_116_onboard_dataset_candidate_cms_open_payments,issue,"[""type:data-source"", ""priority:could"", ""phase:future""]",M4 expansion roadmap,could,Sources & ingestion,Open this generated draft as a GitHub issue and place it on the matching Project view once repository credentials are available.,todo,Onboard dataset candidate: CMS Open Payments,
.github/generated-issues/117-onboard-dataset-candidate-oecd-health-statistics.md,DATASET-CANDIDATES,Additional dataset and country onboarding,project_issue_117_onboard_dataset_candidate_oecd_health_statistics,issue,"[""type:data-source"", ""priority:must"", ""phase:future""]",M4 expansion roadmap,must,Sources & ingestion,Open this generated draft as a GitHub issue and place it on the matching Project view once repository credentials are available.,todo,Onboard dataset candidate: OECD Health Statistics,
.github/generated-issues/118-onboard-dataset-candidate-who-global-health-expenditure-database.md,DATASET-CANDIDATES,Additional dataset and country onboarding,project_issue_118_onboard_dataset_candidate_who_global_health_expenditure_database,issue,"[""type:data-source"", ""priority:must"", ""phase:future""]",M4 expansion roadmap,must,Sources & ingestion,Open this generated draft as a GitHub issue and place it on the matching Project view once repository credentials are available.,todo,Onboard dataset candidate: WHO Global Health Expenditure Database,
.github/generated-issues/119-onboard-dataset-candidate-world-bank-wdi-health-expenditure-indicators.md,DATASET-CANDIDATES,Additional dataset and country onboarding,project_issue_119_onboard_dataset_candidate_world_bank_wdi_health_expenditure_indicators,issue,"[""type:data-source"", ""priority:should"", ""phase:future""]",M4 expansion roadmap,should,Sources & ingestion,Open this generated draft as a GitHub issue and place it on the matching Project view once repository credentials are available.,todo,Onboard dataset candidate: World Bank WDI health expenditure indicators,
.github/generated-issues/120-onboard-dataset-candidate-sus-sigtap.md,DATASET-CANDIDATES,Additional dataset and country onboarding,project_issue_120_onboard_dataset_candidate_sus_sigtap,issue,"[""type:data-source"", ""priority:should"", ""phase:future""]",M4 expansion roadmap,should,Sources & ingestion,Open this generated draft as a GitHub issue and place it on the matching Project view once repository credentials are available.,todo,Onboard dataset candidate: SUS SIGTAP,
.github/generated-issues/121-onboard-dataset-candidate-fonasa-arancel-and-pad.md,DATASET-CANDIDATES,Additional dataset and country onboarding,project_issue_121_onboard_dataset_candidate_fonasa_arancel_and_pad,issue,"[""type:data-source"", ""priority:could"", ""phase:future""]",M4 expansion roadmap,could,Sources & ingestion,Open this generated draft as a GitHub issue and place it on the matching Project view once repository credentials are available.,todo,Onboard dataset candidate: FONASA arancel and PAD,
.github/generated-issues/122-onboard-dataset-candidate-cups-procedure-codes.md,DATASET-CANDIDATES,Additional dataset and country onboarding,project_issue_122_onboard_dataset_candidate_cups_procedure_codes,issue,"[""type:data-source"", ""priority:could"", ""phase:future""]",M4 expansion roadmap,could,Sources & ingestion,Open this generated draft as a GitHub issue and place it on the matching Project view once repository credentials are available.,todo,Onboard dataset candidate: CUPS procedure codes,
.github/generated-issues/123-onboard-dataset-candidate-hira-nhi-fee-and-claims-resources.md,DATASET-CANDIDATES,Additional dataset and country onboarding,project_issue_123_onboard_dataset_candidate_hira_nhi_fee_and_claims_resources,issue,"[""type:data-source"", ""priority:should"", ""phase:future""]",M4 expansion roadmap,should,Sources & ingestion,Open this generated draft as a GitHub issue and place it on the matching Project view once repository credentials are available.,todo,Onboard dataset candidate: HIRA/NHI fee and claims resources,
.github/generated-issues/124-onboard-dataset-candidate-nhso-ucs-tariffs-and-drg-resources.md,DATASET-CANDIDATES,Additional dataset and country onboarding,project_issue_124_onboard_dataset_candidate_nhso_ucs_tariffs_and_drg_resources,issue,"[""type:data-source"", ""priority:could"", ""phase:future""]",M4 expansion roadmap,could,Sources & ingestion,Open this generated draft as a GitHub issue and place it on the matching Project view once repository credentials are available.,todo,Onboard dataset candidate: NHSO/UCS tariffs and DRG resources,
.github/generated-issues/125-onboard-dataset-candidate-moh-fee-benchmarks-and-subsidy-lists.md,DATASET-CANDIDATES,Additional dataset and country onboarding,project_issue_125_onboard_dataset_candidate_moh_fee_benchmarks_and_subsidy_lists,issue,"[""type:data-source"", ""priority:should"", ""phase:future""]",M4 expansion roadmap,should,Sources & ingestion,Open this generated draft as a GitHub issue and place it on the matching Project view once repository credentials are available.,todo,Onboard dataset candidate: MOH fee benchmarks and subsidy lists,
.github/generated-issues/126-onboard-dataset-candidate-aihw-health-expenditure-and-mbs-pbs-contextual-tables.md,DATASET-CANDIDATES,Additional dataset and country onboarding,project_issue_126_onboard_dataset_candidate_aihw_health_expenditure_and_mbs_pbs_contextual_tables,issue,"[""type:data-source"", ""priority:should"", ""phase:future""]",M4 expansion roadmap,should,Sources & ingestion,Open this generated draft as a GitHub issue and place it on the matching Project view once repository credentials are available.,todo,Onboard dataset candidate: AIHW health expenditure and MBS/PBS contextual tables,
.github/generated-issues/127-onboard-dataset-candidate-ihme-global-burden-of-disease.md,DATASET-CANDIDATES,Additional dataset and country onboarding,project_issue_127_onboard_dataset_candidate_ihme_global_burden_of_disease,issue,"[""type:data-source"", ""priority:could"", ""phase:future""]",M4 expansion roadmap,could,Sources & ingestion,Open this generated draft as a GitHub issue and place it on the matching Project view once repository credentials are available.,todo,Onboard dataset candidate: IHME Global Burden of Disease,
.github/generated-issues/128-complete-protocol-and-report-rq-genomics-coverage-price.md,RESEARCH-QUESTIONS,Protocolled policy research questions,project_issue_128_complete_protocol_and_report_rq_genomics_coverage_price,issue,"[""type:research"", ""type:osf"", ""phase:analysis""]",M3 policy demonstrators,unknown,Research & OSF,Open this generated draft as a GitHub issue and place it on the matching Project view once repository credentials are available.,todo,Complete protocol and report: rq_genomics_coverage_price,
.github/generated-issues/129-complete-protocol-and-report-rq-cognitive-procedural.md,RESEARCH-QUESTIONS,Protocolled policy research questions,project_issue_129_complete_protocol_and_report_rq_cognitive_procedural,issue,"[""type:research"", ""type:osf"", ""phase:analysis""]",M3 policy demonstrators,unknown,Research & OSF,Open this generated draft as a GitHub issue and place it on the matching Project view once repository credentials are available.,todo,Complete protocol and report: rq_cognitive_procedural,
.github/generated-issues/130-complete-protocol-and-report-rq-medicine-opacity.md,RESEARCH-QUESTIONS,Protocolled policy research questions,project_issue_130_complete_protocol_and_report_rq_medicine_opacity,issue,"[""type:research"", ""type:osf"", ""phase:analysis""]",M3 policy demonstrators,unknown,Research & OSF,Open this generated draft as a GitHub issue and place it on the matching Project view once repository credentials are available.,todo,Complete protocol and report: rq_medicine_opacity,
.github/generated-issues/131-complete-protocol-and-report-rq-local-national-coverage.md,RESEARCH-QUESTIONS,Protocolled policy research questions,project_issue_131_complete_protocol_and_report_rq_local_national_coverage,issue,"[""type:research"", ""type:osf"", ""phase:analysis""]",M3 policy demonstrators,unknown,Research & OSF,Open this generated draft as a GitHub issue and place it on the matching Project view once repository credentials are available.,todo,Complete protocol and report: rq_local_national_coverage,
.github/generated-issues/132-complete-protocol-and-report-rq-source-transparency.md,RESEARCH-QUESTIONS,Protocolled policy research questions,project_issue_132_complete_protocol_and_report_rq_source_transparency,issue,"[""type:research"", ""type:osf"", ""phase:analysis""]",M3 policy demonstrators,unknown,Research & OSF,Open this generated draft as a GitHub issue and place it on the matching Project view once repository credentials are available.,todo,Complete protocol and report: rq_source_transparency,
.github/generated-issues/133-implement-output-plan-out-hf-dataset.md,OUTPUTS,Publication and deployment outputs,project_issue_133_implement_output_plan_out_hf_dataset,issue,"[""type:publication"", ""target:huggingface_dataset""]",M0 project setup,unknown,Dashboard & publication,Open this generated draft as a GitHub issue and place it on the matching Project view once repository credentials are available.,todo,Implement output plan: out_hf_dataset,
.github/generated-issues/134-implement-output-plan-out-hf-space.md,OUTPUTS,Publication and deployment outputs,project_issue_134_implement_output_plan_out_hf_space,issue,"[""type:publication"", ""target:huggingface_space""]",M0 project setup,unknown,Dashboard & publication,Open this generated draft as a GitHub issue and place it on the matching Project view once repository credentials are available.,todo,Implement output plan: out_hf_space,
.github/generated-issues/135-implement-output-plan-out-osf-protocol-pack.md,OUTPUTS,Publication and deployment outputs,project_issue_135_implement_output_plan_out_osf_protocol_pack,issue,"[""type:publication"", ""target:osf""]",M0 project setup,unknown,Dashboard & publication,Open this generated draft as a GitHub issue and place it on the matching Project view once repository credentials are available.,todo,Implement output plan: out_osf_protocol_pack,
.github/generated-issues/136-implement-output-plan-out-osf-reports.md,OUTPUTS,Publication and deployment outputs,project_issue_136_implement_output_plan_out_osf_reports,issue,"[""type:publication"", ""target:osf""]",M0 project setup,unknown,Dashboard & publication,Open this generated draft as a GitHub issue and place it on the matching Project view once repository credentials are available.,todo,Implement output plan: out_osf_reports,
.github/generated-issues/137-implement-output-plan-out-preprint-methods.md,OUTPUTS,Publication and deployment outputs,project_issue_137_implement_output_plan_out_preprint_methods,issue,"[""type:publication"", ""target:osf""]",M0 project setup,unknown,Dashboard & publication,Open this generated draft as a GitHub issue and place it on the matching Project view once repository credentials are available.,todo,Implement output plan: out_preprint_methods,
.github/generated-issues/138-implement-output-plan-out-ro-crate.md,OUTPUTS,Publication and deployment outputs,project_issue_138_implement_output_plan_out_ro_crate,issue,"[""type:publication"", ""target:github""]",M0 project setup,unknown,Dashboard & publication,Open this generated draft as a GitHub issue and place it on the matching Project view once repository credentials are available.,todo,Implement output plan: out_ro_crate,
.github/generated-issues/139-implement-output-plan-out-frictionless.md,OUTPUTS,Publication and deployment outputs,project_issue_139_implement_output_plan_out_frictionless,issue,"[""type:publication"", ""target:github""]",M0 project setup,unknown,Dashboard & publication,Open this generated draft as a GitHub issue and place it on the matching Project view once repository credentials are available.,todo,Implement output plan: out_frictionless,
.github/generated-issues/140-implement-output-plan-out-zenodo.md,OUTPUTS,Publication and deployment outputs,project_issue_140_implement_output_plan_out_zenodo,issue,"[""type:publication"", ""target:zenodo""]",M0 project setup,unknown,Dashboard & publication,Open this generated draft as a GitHub issue and place it on the matching Project view once repository credentials are available.,todo,Implement output plan: out_zenodo,
.github/generated-issues/141-implement-output-plan-out-api.md,OUTPUTS,Publication and deployment outputs,project_issue_141_implement_output_plan_out_api,issue,"[""type:publication"", ""target:github""]",M0 project setup,unknown,Dashboard & publication,Open this generated draft as a GitHub issue and place it on the matching Project view once repository credentials are available.,todo,Implement output plan: out_api,
.github/generated-issues/142-implement-output-plan-out-mcp.md,OUTPUTS,Publication and deployment outputs,project_issue_142_implement_output_plan_out_mcp,issue,"[""type:publication"", ""target:github""]",M0 project setup,unknown,Dashboard & publication,Open this generated draft as a GitHub issue and place it on the matching Project view once repository credentials are available.,todo,Implement output plan: out_mcp,
.github/generated-issues/143-implement-output-plan-out-protocol-status.md,OUTPUTS,Publication and deployment outputs,project_issue_143_implement_output_plan_out_protocol_status,issue,"[""type:publication"", ""target:github""]",M0 project setup,unknown,Dashboard & publication,Open this generated draft as a GitHub issue and place it on the matching Project view once repository credentials are available.,todo,Implement output plan: out_protocol_status,
.github/generated-issues/144-implement-output-plan-out-evidence-readiness-matrix.md,OUTPUTS,Publication and deployment outputs,project_issue_144_implement_output_plan_out_evidence_readiness_matrix,issue,"[""type:publication"", ""target:github""]",M0 project setup,unknown,Dashboard & publication,Open this generated draft as a GitHub issue and place it on the matching Project view once repository credentials are available.,todo,Implement output plan: out_evidence_readiness_matrix,
.github/generated-issues/145-implement-output-plan-out-source-drift-report.md,OUTPUTS,Publication and deployment outputs,project_issue_145_implement_output_plan_out_source_drift_report,issue,"[""type:publication"", ""target:github""]",M0 project setup,unknown,Dashboard & publication,Open this generated draft as a GitHub issue and place it on the matching Project view once repository credentials are available.,todo,Implement output plan: out_source_drift_report,
.github/generated-issues/146-implement-output-plan-out-public-data-dictionary.md,OUTPUTS,Publication and deployment outputs,project_issue_146_implement_output_plan_out_public_data_dictionary,issue,"[""type:publication"", ""target:huggingface_dataset""]",M0 project setup,unknown,Dashboard & publication,Open this generated draft as a GitHub issue and place it on the matching Project view once repository credentials are available.,todo,Implement output plan: out_public_data_dictionary,
.github/generated-issues/147-implement-output-plan-out-citation-cff.md,OUTPUTS,Publication and deployment outputs,project_issue_147_implement_output_plan_out_citation_cff,issue,"[""type:publication"", ""target:github""]",M0 project setup,unknown,Dashboard & publication,Open this generated draft as a GitHub issue and place it on the matching Project view once repository credentials are available.,todo,Implement output plan: out_citation_cff,
.github/generated-issues/148-implement-output-plan-out-public-dashboard.md,OUTPUTS,Publication and deployment outputs,project_issue_148_implement_output_plan_out_public_dashboard,issue,"[""type:publication"", ""target:github""]",M0 project setup,unknown,Dashboard & publication,Open this generated draft as a GitHub issue and place it on the matching Project view once repository credentials are available.,todo,Implement output plan: out_public_dashboard,
.github/generated-issues/149-implement-output-plan-out-public-status-manifest.md,OUTPUTS,Publication and deployment outputs,project_issue_149_implement_output_plan_out_public_status_manifest,issue,"[""type:publication"", ""target:github""]",M0 project setup,unknown,Dashboard & publication,Open this generated draft as a GitHub issue and place it on the matching Project view once repository credentials are available.,todo,Implement output plan: out_public_status_manifest,
.github/generated-issues/150-implement-output-plan-out-zenodo-release-doi.md,OUTPUTS,Publication and deployment outputs,project_issue_150_implement_output_plan_out_zenodo_release_doi,issue,"[""type:publication"", ""target:zenodo""]",M0 project setup,unknown,Dashboard & publication,Open this generated draft as a GitHub issue and place it on the matching Project view once repository credentials are available.,todo,Implement output plan: out_zenodo_release_doi,
.github/generated-issues/151-implement-reviewed-osf-registration-lifecycle-and-drift-verification.md,TRACK_RESEARCH_PROTOCOLS_OSF,OSF research protocol and report workflow,project_issue_151_implement_reviewed_osf_registration_lifecycle_and_drift_verification,issue,"[""type:roadmap-function"", ""priority:must"", ""interface:cli"", ""status:implemented""]",M0 project setup,must,Project backlog,Open this generated draft as a GitHub issue and place it on the matching Project view once repository credentials are available.,done,Implement reviewed OSF registration lifecycle and drift verification,track_research_protocols_osf
.github/generated-issues/152-add-consumer-release-attestation-verification-guide.md,REL-001,Release readiness and architecture gates,project_issue_152_add_consumer_release_attestation_verification_guide,issue,"[""type:security"", ""type:release"", ""phase:hardening"", ""status:implemented""]",M2 release hardening,must,CI/CD & security,Open this generated draft as a GitHub issue and place it on the matching Project view once repository credentials are available.,done,Add consumer release-attestation verification guide,
.github/generated-issues/153-schedule-source-health-and-source-drift-monitoring-with-issue-escalation.md,REL-001,Release readiness and architecture gates,project_issue_153_schedule_source_health_and_source_drift_monitoring_with_issue_escalation,issue,"[""type:data-quality"", ""type:automation"", ""phase:hardening"", ""status:implemented""]",M2 release hardening,unknown,Quality & release gates,Open this generated draft as a GitHub issue and place it on the matching Project view once repository credentials are available.,done,Schedule source-health and source-drift monitoring with issue escalation,
.github/generated-issues/154-record-redacted-pbs-api-multi-endpoint-acquisition-evidence.md,LIVE-001,Reviewed live-source validation,project_issue_154_record_redacted_pbs_api_multi_endpoint_acquisition_evidence,issue,"[""type:data-quality"", ""type:provenance"", ""type:parser"", ""phase:hardening"", ""status:implemented""]",M2 release hardening,unknown,Quality & release gates,Open this generated draft as a GitHub issue and place it on the matching Project view once repository credentials are available.,done,Record redacted PBS API multi-endpoint acquisition evidence,
.github/generated-issues/155-pin-and-contract-test-the-stable-osf-cli-command-surface.md,OSF-002,Protocol completeness and OSF release gates,project_issue_155_pin_and_contract_test_the_stable_osf_cli_command_surface,issue,"[""type:osf"", ""type:automation"", ""phase:hardening"", ""status:implemented""]",M2 release hardening,unknown,Research & OSF,Open this generated draft as a GitHub issue and place it on the matching Project view once repository credentials are available.,done,Pin and contract-test the stable OSF CLI command surface,
.github/generated-issues/156-make-research-package-descriptors-deterministic-and-non-self-referential.md,PUB-001,Publication and dataset release readiness,project_issue_156_make_research_package_descriptors_deterministic_and_non_self_referential,issue,"[""type:publication"", ""type:quality"", ""phase:hardening"", ""status:implemented""]",M2 release hardening,unknown,Dashboard & publication,Open this generated draft as a GitHub issue and place it on the matching Project view once repository credentials are available.,done,Make research package descriptors deterministic and non-self-referential,
.github/generated-issues/157-enable-github-non-provider-secret-pattern-scanning-and-validity-checks.md,SEC-020,Continuous security assurance and branch enforcement,project_issue_157_enable_github_non_provider_secret_pattern_scanning_and_validity_checks,issue,"[""type:security"", ""type:repo-automation"", ""phase:hardening"", ""status:blocked""]",M2 release hardening,must,CI/CD & security,Open this generated draft as a GitHub issue and place it on the matching Project view once repository credentials are available.,blocked,Enable GitHub non-provider secret-pattern scanning and validity checks,
.github/generated-issues/158-use-interpreter-bound-module-invocation-for-pixi-python-test-tasks.md,HARNESS-021,Layered harness engineering and deterministic regeneration,project_issue_158_use_interpreter_bound_module_invocation_for_pixi_python_test_tasks,issue,"[""type:test"", ""type:automation"", ""phase:hardening"", ""status:implemented""]",M2 release hardening,unknown,Project backlog,Open this generated draft as a GitHub issue and place it on the matching Project view once repository credentials are available.,done,Use interpreter-bound module invocation for Pixi Python test tasks,
.github/generated-issues/159-generate-artifact-level-licence-review-queue-bound-to-publication-checksums.md,EVID-017,"Evidence readiness, source drift and data dictionary gates",project_issue_159_generate_artifact_level_licence_review_queue_bound_to_publication_checksums,issue,"[""type:publication"", ""type:review"", ""risk:licence"", ""phase:release-gate"", ""status:implemented""]",M2 release hardening,must,Dashboard & publication,Open this generated draft as a GitHub issue and place it on the matching Project view once repository credentials are available.,done,Generate artifact-level licence review queue bound to publication checksums,
.github/generated-issues/160-expose-the-checksum-bound-licence-review-queue-in-the-dashboard.md,PUBLIC-022,"Public product, citation and dashboard maturity",project_issue_160_expose_the_checksum_bound_licence_review_queue_in_the_dashboard,issue,"[""type:dashboard"", ""type:review"", ""risk:licence"", ""phase:release-gate"", ""status:implemented""]",M2 release hardening,must,Dashboard & publication,Open this generated draft as a GitHub issue and place it on the matching Project view once repository credentials are available.,done,Expose the checksum-bound licence review queue in the dashboard,track_public_product_citation_dashboard
.github/generated-issues/161-expose-machine-readable-release-blockers-and-next-actions-in-public-status.md,PUBLIC-022,"Public product, citation and dashboard maturity",project_issue_161_expose_machine_readable_release_blockers_and_next_actions_in_public_status,issue,"[""type:dashboard"", ""type:release"", ""phase:release-gate"", ""status:implemented""]",M2 release hardening,unknown,Dashboard & publication,Open this generated draft as a GitHub issue and place it on the matching Project view once repository credentials are available.,done,Expose machine-readable release blockers and next actions in public status,track_public_product_citation_dashboard
.github/generated-issues/162-distinguish-partial-source-acquisition-from-complete-handoff-status.md,HANDOFF-018,Final local continuation and GitHub Project handoff gates,project_issue_162_distinguish_partial_source_acquisition_from_complete_handoff_status,issue,"[""type:data-quality"", ""type:handoff"", ""phase:hardening"", ""status:implemented""]",M2 release hardening,unknown,Quality & release gates,Open this generated draft as a GitHub issue and place it on the matching Project view once repository credentials are available.,done,Distinguish partial source acquisition from complete handoff status,
.github/generated-issues/163-expose-partial-source-acquisition-in-public-status-and-dashboard-blockers.md,HANDOFF-018,Final local continuation and GitHub Project handoff gates,project_issue_163_expose_partial_source_acquisition_in_public_status_and_dashboard_blockers,issue,"[""type:dashboard"", ""type:data-quality"", ""type:handoff"", ""phase:hardening"", ""status:implemented""]",M2 release hardening,unknown,Dashboard & publication,Open this generated draft as a GitHub issue and place it on the matching Project view once repository credentials are available.,done,Expose partial source acquisition in public status and dashboard blockers,
.github/generated-issues/164-enforce-immutable-github-action-references-in-ci.md,TRACK_CI_CD_SUPPLY_CHAIN,CI/CD and supply-chain hardening,project_issue_164_enforce_immutable_github_action_references_in_ci,issue,"[""type:roadmap-function"", ""priority:must"", ""interface:github_action"", ""status:implemented""]",M0 project setup,must,Project backlog,Open this generated draft as a GitHub issue and place it on the matching Project view once repository credentials are available.,done,Enforce immutable GitHub Action references in CI,track_ci_cd_supply_chain
.github/generated-issues/165-add-hugging-face-dataset-card-contract-checks-before-public-release.md,PUB-001,Publication and dataset release readiness,project_issue_165_add_hugging_face_dataset_card_contract_checks_before_public_release,issue,"[""type:publication"", ""type:quality"", ""risk:licence"", ""phase:hardening"", ""status:implemented""]",M2 release hardening,must,Dashboard & publication,Open this generated draft as a GitHub issue and place it on the matching Project view once repository credentials are available.,done,Add Hugging Face dataset-card contract checks before public release,
.github/generated-issues/166-validate-human-licence-decisions-against-checksum-bound-queue-rows.md,EVID-017,"Evidence readiness, source drift and data dictionary gates",project_issue_166_validate_human_licence_decisions_against_checksum_bound_queue_rows,issue,"[""type:publication"", ""type:review"", ""risk:licence"", ""phase:release-gate"", ""status:implemented""]",M2 release hardening,must,Dashboard & publication,Open this generated draft as a GitHub issue and place it on the matching Project view once repository credentials are available.,done,Validate human licence decisions against checksum-bound queue rows,
.github/generated-issues/167-normalize-apache-2-0-code-licence-metadata-and-source-data-notice-boundary.md,REL-001,Release readiness and architecture gates,project_issue_167_normalize_apache_2_0_code_licence_metadata_and_source_data_notice_boundary,issue,"[""type:release"", ""type:licence"", ""type:automation"", ""phase:hardening"", ""status:implemented""]",M2 release hardening,unknown,Quality & release gates,Open this generated draft as a GitHub issue and place it on the matching Project view once repository credentials are available.,done,Normalize Apache-2.0 code licence metadata and source-data NOTICE boundary,
.github/generated-issues/168-rebind-the-required-zizmor-check-to-the-repository-owned-workflow-app.md,REL-001,Release readiness and architecture gates,project_issue_168_rebind_the_required_zizmor_check_to_the_repository_owned_workflow_app,issue,"[""type:security"", ""type:supply-chain"", ""type:repo-automation"", ""phase:hardening""]",M2 release hardening,must,CI/CD & security,Open this generated draft as a GitHub issue and place it on the matching Project view once repository credentials are available.,todo,Rebind the required zizmor check to the repository-owned workflow app,
.github/generated-issues/169-add-branch-protection-drift-validator-for-strict-required-checks.md,REL-001,Release readiness and architecture gates,project_issue_169_add_branch_protection_drift_validator_for_strict_required_checks,issue,"[""type:security"", ""type:repo-automation"", ""phase:hardening""]",M2 release hardening,must,CI/CD & security,Open this generated draft as a GitHub issue and place it on the matching Project view once repository credentials are available.,todo,Add branch-protection drift validator for strict required checks,
.github/generated-issues/170-reconcile-hugging-face-destination-metadata-with-governed-publication-candidate.md,PUB-001,Publication and dataset release readiness,project_issue_170_reconcile_hugging_face_destination_metadata_with_governed_publication_candidate,issue,"[""type:publication"", ""type:repo-automation"", ""risk:licence"", ""phase:release-gate"", ""status:blocked""]",M2 release hardening,must,Dashboard & publication,Open this generated draft as a GitHub issue and place it on the matching Project view once repository credentials are available.,blocked,Reconcile Hugging Face destination metadata with governed publication candidate,
.github/generated-issues/171-schedule-read-only-hugging-face-destination-metadata-drift-monitoring.md,PUB-001,Publication and dataset release readiness,project_issue_171_schedule_read_only_hugging_face_destination_metadata_drift_monitoring,issue,"[""type:publication"", ""type:repo-automation"", ""risk:licence"", ""phase:hardening"", ""status:implemented""]",M2 release hardening,must,Dashboard & publication,Open this generated draft as a GitHub issue and place it on the matching Project view once repository credentials are available.,done,Schedule read-only Hugging Face destination metadata drift monitoring,
