column_count,columns,file_format,id,licence_gate,notes,publication_scope,relative_path,row_count,table_name
17,"[""access_tier"", ""data_owner"", ""domain"", ""format"", ""historical_versions"", ""id"", ""jurisdiction"", ""licence_notes"", ""machine_readable"", ""notes"", ""primary_url"", ""refresh_cadence"", ""reliability"", ""schedule"", ""system"", ""tags"", ""utilisation_data""]",jsonl,data_dictionary_data_seed_source_registry,public_reuse_review,Seed metadata artefact; safe for review but still needs source licence notes checked.,public_metadata_candidate,data/seed/source_registry.jsonl,60,source_registry
17,"[""access_tier"", ""data_owner"", ""domain"", ""format"", ""historical_versions"", ""id"", ""jurisdiction"", ""licence_notes"", ""machine_readable"", ""notes"", ""primary_url"", ""refresh_cadence"", ""reliability"", ""schedule"", ""system"", ""tags"", ""utilisation_data""]",csv,data_dictionary_data_seed_source_registry,public_reuse_review,Seed metadata artefact; safe for review but still needs source licence notes checked.,public_metadata_candidate,data/seed/source_registry.csv,60,source_registry
11,"[""checksum_sha256"", ""effective_from"", ""effective_to"", ""format"", ""id"", ""notes"", ""parser_status"", ""retrieved_at"", ""source_id"", ""source_url"", ""version_label""]",jsonl,data_dictionary_data_seed_source_versions,public_reuse_review,Seed metadata artefact; safe for review but still needs source licence notes checked.,public_metadata_candidate,data/seed/source_versions.jsonl,13,source_versions
11,"[""checksum_sha256"", ""effective_from"", ""effective_to"", ""format"", ""id"", ""notes"", ""parser_status"", ""retrieved_at"", ""source_id"", ""source_url"", ""version_label""]",csv,data_dictionary_data_seed_source_versions,public_reuse_review,Seed metadata artefact; safe for review but still needs source licence notes checked.,public_metadata_candidate,data/seed/source_versions.csv,13,source_versions
15,"[""acquisition_mode"", ""auth_env_var"", ""current_observation"", ""expected_format"", ""expected_record_count"", ""file_label"", ""file_name"", ""file_role"", ""id"", ""licence_gate"", ""notes"", ""parser_hint"", ""source_id"", ""source_url"", ""source_version_id""]",jsonl,data_dictionary_data_seed_source_files,public_reuse_review,Seed metadata artefact; safe for review but still needs source licence notes checked.,public_metadata_candidate,data/seed/source_files.jsonl,9,source_files
15,"[""acquisition_mode"", ""auth_env_var"", ""current_observation"", ""expected_format"", ""expected_record_count"", ""file_label"", ""file_name"", ""file_role"", ""id"", ""licence_gate"", ""notes"", ""parser_hint"", ""source_id"", ""source_url"", ""source_version_id""]",csv,data_dictionary_data_seed_source_files,public_reuse_review,Seed metadata artefact; safe for review but still needs source licence notes checked.,public_metadata_candidate,data/seed/source_files.csv,9,source_files
8,"[""evidence_note"", ""evidence_url"", ""id"", ""observed_at"", ""recommended_action"", ""retrieval_priority"", ""source_id"", ""status_label""]",jsonl,data_dictionary_data_seed_source_status,public_reuse_review,Seed metadata artefact; safe for review but still needs source licence notes checked.,public_metadata_candidate,data/seed/source_status.jsonl,5,source_status
8,"[""evidence_note"", ""evidence_url"", ""id"", ""observed_at"", ""recommended_action"", ""retrieval_priority"", ""source_id"", ""status_label""]",csv,data_dictionary_data_seed_source_status,public_reuse_review,Seed metadata artefact; safe for review but still needs source licence notes checked.,public_metadata_candidate,data/seed/source_status.csv,5,source_status
12,"[""byte_size"", ""cache_scope"", ""checksum_sha256"", ""content_type"", ""id"", ""licence_gate"", ""local_path"", ""notes"", ""retrieved_at"", ""source_id"", ""source_url"", ""source_version_id""]",jsonl,data_dictionary_data_seed_source_snapshots,public_reuse_review,Seed metadata artefact; safe for review but still needs source licence notes checked.,public_metadata_candidate,data/seed/source_snapshots.jsonl,6,source_snapshots
12,"[""byte_size"", ""cache_scope"", ""checksum_sha256"", ""content_type"", ""id"", ""licence_gate"", ""local_path"", ""notes"", ""retrieved_at"", ""source_id"", ""source_url"", ""source_version_id""]",csv,data_dictionary_data_seed_source_snapshots,public_reuse_review,Seed metadata artefact; safe for review but still needs source licence notes checked.,public_metadata_candidate,data/seed/source_snapshots.csv,6,source_snapshots
10,"[""caveats"", ""difficulty"", ""id"", ""methods"", ""policy_insight"", ""primary_output"", ""purpose"", ""required_sources"", ""stage"", ""title""]",jsonl,data_dictionary_data_seed_analysis_catalogue,public_reuse_review,Seed metadata artefact; safe for review but still needs source licence notes checked.,public_metadata_candidate,data/seed/analysis_catalogue.jsonl,25,analysis_catalogue
10,"[""caveats"", ""difficulty"", ""id"", ""methods"", ""policy_insight"", ""primary_output"", ""purpose"", ""required_sources"", ""stage"", ""title""]",csv,data_dictionary_data_seed_analysis_catalogue,public_reuse_review,Seed metadata artefact; safe for review but still needs source licence notes checked.,public_metadata_candidate,data/seed/analysis_catalogue.csv,25,analysis_catalogue
8,"[""analysis_id"", ""caveats"", ""id"", ""output_tables"", ""policy_question"", ""quality_gates"", ""required_tables"", ""status""]",jsonl,data_dictionary_data_seed_analysis_recipes,public_reuse_review,Seed metadata artefact; safe for review but still needs source licence notes checked.,public_metadata_candidate,data/seed/analysis_recipes.jsonl,5,analysis_recipes
8,"[""analysis_id"", ""caveats"", ""id"", ""output_tables"", ""policy_question"", ""quality_gates"", ""required_tables"", ""status""]",csv,data_dictionary_data_seed_analysis_recipes,public_reuse_review,Seed metadata artefact; safe for review but still needs source licence notes checked.,public_metadata_candidate,data/seed/analysis_recipes.csv,5,analysis_recipes
6,"[""domain"", ""id"", ""licence_risk"", ""mapping_use"", ""name"", ""repo_strategy""]",jsonl,data_dictionary_data_seed_ontology_registry,public_reuse_review,Seed metadata artefact; safe for review but still needs source licence notes checked.,public_metadata_candidate,data/seed/ontology_registry.jsonl,14,ontology_registry
6,"[""domain"", ""id"", ""licence_risk"", ""mapping_use"", ""name"", ""repo_strategy""]",csv,data_dictionary_data_seed_ontology_registry,public_reuse_review,Seed metadata artefact; safe for review but still needs source licence notes checked.,public_metadata_candidate,data/seed/ontology_registry.csv,14,ontology_registry
9,"[""code"", ""concept_class"", ""domain"", ""label"", ""licence_scope"", ""mapping_targets"", ""notes"", ""synonyms"", ""terminology_id""]",jsonl,data_dictionary_data_seed_ontology_concepts,public_reuse_review,Seed metadata artefact; safe for review but still needs source licence notes checked.,public_metadata_candidate,data/seed/ontology_concepts.jsonl,6,ontology_concepts
9,"[""code"", ""concept_class"", ""domain"", ""label"", ""licence_scope"", ""mapping_targets"", ""notes"", ""synonyms"", ""terminology_id""]",csv,data_dictionary_data_seed_ontology_concepts,public_reuse_review,Seed metadata artefact; safe for review but still needs source licence notes checked.,public_metadata_candidate,data/seed/ontology_concepts.csv,6,ontology_concepts
28,"[""access_mode"", ""access_tier"", ""acquisition_mode"", ""concept_class"", ""difficulty"", ""domain"", ""expected_format"", ""file_role"", ""format"", ""id"", ""interface"", ""jurisdiction"", ""kind"", ""label"", ""licence_gate"", ""licence_risk"", ""licence_scope"", ""osf_component"", ""output_type"", ""parser_status"", ""phase"", ""preregistration_status"", ""priority"", ""stage"", ""status"", ""target_platform"", ""terminology_id"", ""workstream""]",csv,data_dictionary_data_seed_graph_nodes,public_reuse_review,Seed metadata artefact; safe for review but still needs source licence notes checked.,public_metadata_candidate,data/seed/graph_nodes.csv,334,graph_nodes
3,"[""source"", ""target"", ""relationship""]",csv,data_dictionary_data_seed_graph_edges,public_reuse_review,Seed metadata artefact; safe for review but still needs source licence notes checked.,public_metadata_candidate,data/seed/graph_edges.csv,526,graph_edges
10,"[""deliverables"", ""depends_on"", ""github_project_status"", ""goal"", ""id"", ""notes"", ""phase"", ""priority"", ""title"", ""workstream""]",jsonl,data_dictionary_data_seed_conductor_tracks,public_reuse_review,Seed metadata artefact; safe for review but still needs source licence notes checked.,public_metadata_candidate,data/seed/conductor_tracks.jsonl,10,conductor_tracks
10,"[""deliverables"", ""depends_on"", ""github_project_status"", ""goal"", ""id"", ""notes"", ""phase"", ""priority"", ""title"", ""workstream""]",csv,data_dictionary_data_seed_conductor_tracks,public_reuse_review,Seed metadata artefact; safe for review but still needs source licence notes checked.,public_metadata_candidate,data/seed/conductor_tracks.csv,10,conductor_tracks
11,"[""description"", ""github_issue_title"", ""id"", ""inputs"", ""interface"", ""name"", ""outputs"", ""priority"", ""quality_gates"", ""status"", ""track_id""]",jsonl,data_dictionary_data_seed_roadmap_functions,public_reuse_review,Seed metadata artefact; safe for review but still needs source licence notes checked.,public_metadata_candidate,data/seed/roadmap_functions.jsonl,44,roadmap_functions
11,"[""description"", ""github_issue_title"", ""id"", ""inputs"", ""interface"", ""name"", ""outputs"", ""priority"", ""quality_gates"", ""status"", ""track_id""]",csv,data_dictionary_data_seed_roadmap_functions,public_reuse_review,Seed metadata artefact; safe for review but still needs source licence notes checked.,public_metadata_candidate,data/seed/roadmap_functions.csv,44,roadmap_functions
11,"[""access_mode"", ""domain"", ""id"", ""jurisdiction"", ""licence_gate"", ""name"", ""notes"", ""parser_status"", ""priority"", ""recommended_next_step"", ""source_url""]",jsonl,data_dictionary_data_seed_dataset_candidates,public_reuse_review,Seed metadata artefact; safe for review but still needs source licence notes checked.,public_metadata_candidate,data/seed/dataset_candidates.jsonl,15,dataset_candidates
11,"[""access_mode"", ""domain"", ""id"", ""jurisdiction"", ""licence_gate"", ""name"", ""notes"", ""parser_status"", ""priority"", ""recommended_next_step"", ""source_url""]",csv,data_dictionary_data_seed_dataset_candidates,public_reuse_review,Seed metadata artefact; safe for review but still needs source licence notes checked.,public_metadata_candidate,data/seed/dataset_candidates.csv,15,dataset_candidates
10,"[""access_mode"", ""domain"", ""id"", ""licence_gate"", ""local_only"", ""mapping_strategy"", ""name"", ""notes"", ""priority"", ""source_url""]",jsonl,data_dictionary_data_seed_mapping_resources,public_reuse_review,Seed metadata artefact; safe for review but still needs source licence notes checked.,public_metadata_candidate,data/seed/mapping_resources.jsonl,12,mapping_resources
10,"[""access_mode"", ""domain"", ""id"", ""licence_gate"", ""local_only"", ""mapping_strategy"", ""name"", ""notes"", ""priority"", ""source_url""]",csv,data_dictionary_data_seed_mapping_resources,public_reuse_review,Seed metadata artefact; safe for review but still needs source licence notes checked.,public_metadata_candidate,data/seed/mapping_resources.csv,12,mapping_resources
10,"[""id"", ""methods"", ""osf_component"", ""outputs"", ""preregistration_status"", ""protocol_path"", ""question"", ""report_path"", ""required_datasets"", ""track_id""]",jsonl,data_dictionary_data_seed_research_questions,public_reuse_review,Seed metadata artefact; safe for review but still needs source licence notes checked.,public_metadata_candidate,data/seed/research_questions.jsonl,5,research_questions
10,"[""id"", ""methods"", ""osf_component"", ""outputs"", ""preregistration_status"", ""protocol_path"", ""question"", ""report_path"", ""required_datasets"", ""track_id""]",csv,data_dictionary_data_seed_research_questions,public_reuse_review,Seed metadata artefact; safe for review but still needs source licence notes checked.,public_metadata_candidate,data/seed/research_questions.csv,5,research_questions
8,"[""id"", ""notes"", ""output_type"", ""path"", ""release_gate"", ""status"", ""target_platform"", ""track_id""]",jsonl,data_dictionary_data_seed_output_artifact_plans,public_reuse_review,Seed metadata artefact; safe for review but still needs source licence notes checked.,public_metadata_candidate,data/seed/output_artifact_plans.jsonl,18,output_artifact_plans
8,"[""id"", ""notes"", ""output_type"", ""path"", ""release_gate"", ""status"", ""target_platform"", ""track_id""]",csv,data_dictionary_data_seed_output_artifact_plans,public_reuse_review,Seed metadata artefact; safe for review but still needs source licence notes checked.,public_metadata_candidate,data/seed/output_artifact_plans.csv,18,output_artifact_plans
8,"[""ci_status"", ""id"", ""installation_status"", ""local_status"", ""name"", ""notes"", ""role"", ""version_target""]",jsonl,data_dictionary_data_seed_runtime_targets,public_reuse_review,Seed metadata artefact; safe for review but still needs source licence notes checked.,public_metadata_candidate,data/seed/runtime_targets.jsonl,6,runtime_targets
8,"[""ci_status"", ""id"", ""installation_status"", ""local_status"", ""name"", ""notes"", ""role"", ""version_target""]",csv,data_dictionary_data_seed_runtime_targets,public_reuse_review,Seed metadata artefact; safe for review but still needs source licence notes checked.,public_metadata_candidate,data/seed/runtime_targets.csv,6,runtime_targets
13,"[""access_tier"", ""component_access_tier"", ""component_historical_versions"", ""component_machine_readable"", ""component_reliability"", ""component_utilisation_data"", ""domain"", ""grade"", ""jurisdiction"", ""schedule"", ""score"", ""source_id"", ""system""]",csv,data_dictionary_data_seed_source_readiness,public_reuse_review,Seed metadata artefact; safe for review but still needs source licence notes checked.,public_metadata_candidate,data/seed/source_readiness.csv,60,source_readiness
10,"[""analysis_id"", ""bottleneck_source_score"", ""difficulty"", ""mean_source_score"", ""missing_source_count"", ""missing_sources"", ""ready_for_prototype"", ""required_source_count"", ""stage"", ""title""]",csv,data_dictionary_data_seed_analysis_readiness,public_reuse_review,Seed metadata artefact; safe for review but still needs source licence notes checked.,public_metadata_candidate,data/seed/analysis_readiness.csv,25,analysis_readiness
9,"[""acquisition_mode"", ""cache_policy"", ""expected_format"", ""licence_gate"", ""notes"", ""parser_name"", ""source_id"", ""url"", ""version_id""]",csv,data_dictionary_data_seed_source_acquisition_plan,public_reuse_review,Seed metadata artefact; safe for review but still needs source licence notes checked.,public_metadata_candidate,data/seed/source_acquisition_plan.csv,13,source_acquisition_plan
5,"[""source_id"", ""parser_name"", ""blocker_count"", ""blockers"", ""recommended_next_action""]",csv,data_dictionary_data_seed_ingestion_readiness,public_reuse_review,Seed metadata artefact; safe for review but still needs source licence notes checked.,public_metadata_candidate,data/seed/ingestion_readiness.csv,13,ingestion_readiness
13,"[""archive_page"", ""archive_page_id"", ""archive_period"", ""download_policy"", ""file_kind"", ""file_name"", ""file_url"", ""id"", ""licence_gate"", ""notes"", ""source_id"", ""source_version_id"", ""status""]",jsonl,data_dictionary_data_seed_historical_mbs_archive_targets,public_reuse_review,Seed metadata artefact; safe for review but still needs source licence notes checked.,public_metadata_candidate,data/seed/historical_mbs_archive_targets.jsonl,343,historical_mbs_archive_targets
13,"[""archive_page"", ""archive_page_id"", ""archive_period"", ""download_policy"", ""file_kind"", ""file_name"", ""file_url"", ""id"", ""licence_gate"", ""notes"", ""source_id"", ""source_version_id"", ""status""]",jsonl,data_dictionary_data_derived_historical_sources_historical_mbs_archive_targets,public_reuse_review,Derived artefact; confirm source-specific licence gates before external release.,public_derived_candidate,data/derived/historical_sources/historical_mbs_archive_targets.jsonl,343,historical_mbs_archive_targets
13,"[""archive_page"", ""archive_page_id"", ""archive_period"", ""download_policy"", ""file_kind"", ""file_name"", ""file_url"", ""id"", ""licence_gate"", ""notes"", ""source_id"", ""source_version_id"", ""status""]",csv,data_dictionary_data_derived_historical_sources_historical_mbs_archive_targets,public_reuse_review,Derived artefact; confirm source-specific licence gates before external release.,public_derived_candidate,data/derived/historical_sources/historical_mbs_archive_targets.csv,343,historical_mbs_archive_targets
6,"[""archive_page_count"", ""downloadable_targets"", ""manual_review_targets"", ""periods"", ""status"", ""target_count""]",json,data_dictionary_data_derived_historical_sources_summary,public_reuse_review,Derived artefact; confirm source-specific licence gates before external release.,public_derived_candidate,data/derived/historical_sources/summary.json,0,summary
18,"[""code_system"", ""currency"", ""domain"", ""effective_from"", ""effective_to"", ""facility_component"", ""item_code"", ""item_description"", ""item_label"", ""jurisdiction"", ""patient_amount"", ""payment_amount"", ""payment_unit"", ""professional_component"", ""provenance"", ""restriction_text"", ""setting"", ""source_id""]",jsonl,data_dictionary_data_derived_vertical_slice_schedule_items,public_reuse_review,Derived artefact; confirm source-specific licence gates before external release.,public_derived_candidate,data/derived/vertical_slice/schedule_items.jsonl,10,schedule_items
18,"[""code_system"", ""currency"", ""domain"", ""effective_from"", ""effective_to"", ""facility_component"", ""item_code"", ""item_description"", ""item_label"", ""jurisdiction"", ""patient_amount"", ""payment_amount"", ""payment_unit"", ""professional_component"", ""provenance"", ""restriction_text"", ""setting"", ""source_id""]",csv,data_dictionary_data_derived_vertical_slice_schedule_items,public_reuse_review,Derived artefact; confirm source-specific licence gates before external release.,public_derived_candidate,data/derived/vertical_slice/schedule_items.csv,10,schedule_items
11,"[""decision_date"", ""decision_id"", ""decision_status"", ""economic_notes"", ""evidence_standard"", ""jurisdiction"", ""provenance"", ""restriction_summary"", ""source_id"", ""technology_domain"", ""technology_name""]",jsonl,data_dictionary_data_derived_vertical_slice_coverage_decisions,public_reuse_review,Derived artefact; confirm source-specific licence gates before external release.,public_derived_candidate,data/derived/vertical_slice/coverage_decisions.jsonl,2,coverage_decisions
11,"[""decision_date"", ""decision_id"", ""decision_status"", ""economic_notes"", ""evidence_standard"", ""jurisdiction"", ""provenance"", ""restriction_summary"", ""source_id"", ""technology_domain"", ""technology_name""]",csv,data_dictionary_data_derived_vertical_slice_coverage_decisions,public_reuse_review,Derived artefact; confirm source-specific licence gates before external release.,public_derived_candidate,data/derived/vertical_slice/coverage_decisions.csv,2,coverage_decisions
9,"[""confidence"", ""evidence_methods"", ""left_code"", ""left_source_id"", ""notes"", ""relationship"", ""reviewer_status"", ""right_code"", ""right_source_id""]",jsonl,data_dictionary_data_derived_vertical_slice_crosswalk_candidates,public_reuse_review,Derived artefact; confirm source-specific licence gates before external release.,public_derived_candidate,data/derived/vertical_slice/crosswalk_candidates.jsonl,4,crosswalk_candidates
9,"[""confidence"", ""evidence_methods"", ""left_code"", ""left_source_id"", ""notes"", ""relationship"", ""reviewer_status"", ""right_code"", ""right_source_id""]",csv,data_dictionary_data_derived_vertical_slice_crosswalk_candidates,public_reuse_review,Derived artefact; confirm source-specific licence gates before external release.,public_derived_candidate,data/derived/vertical_slice/crosswalk_candidates.csv,4,crosswalk_candidates
10,"[""confidence"", ""evidence_methods"", ""left_code"", ""left_source_id"", ""priority"", ""recommended_action"", ""relationship"", ""review_note"", ""right_code"", ""right_source_id""]",jsonl,data_dictionary_data_derived_vertical_slice_crosswalk_review_queue,public_reuse_review,Derived artefact; confirm source-specific licence gates before external release.,public_derived_candidate,data/derived/vertical_slice/crosswalk_review_queue.jsonl,4,crosswalk_review_queue
10,"[""confidence"", ""evidence_methods"", ""left_code"", ""left_source_id"", ""priority"", ""recommended_action"", ""relationship"", ""review_note"", ""right_code"", ""right_source_id""]",csv,data_dictionary_data_derived_vertical_slice_crosswalk_review_queue,public_reuse_review,Derived artefact; confirm source-specific licence gates before external release.,public_derived_candidate,data/derived/vertical_slice/crosswalk_review_queue.csv,4,crosswalk_review_queue
10,"[""coverage_decision_count"", ""coverage_restriction_share"", ""facility_component_share"", ""item_restriction_share"", ""patient_amount_observability"", ""policy_use"", ""price_observability"", ""professional_component_share"", ""schedule_item_count"", ""source_id""]",jsonl,data_dictionary_data_derived_vertical_slice_policy_signal_matrix,public_reuse_review,Derived artefact; confirm source-specific licence gates before external release.,public_derived_candidate,data/derived/vertical_slice/policy_signal_matrix.jsonl,6,policy_signal_matrix
10,"[""coverage_decision_count"", ""coverage_restriction_share"", ""facility_component_share"", ""item_restriction_share"", ""patient_amount_observability"", ""policy_use"", ""price_observability"", ""professional_component_share"", ""schedule_item_count"", ""source_id""]",csv,data_dictionary_data_derived_vertical_slice_policy_signal_matrix,public_reuse_review,Derived artefact; confirm source-specific licence gates before external release.,public_derived_candidate,data/derived/vertical_slice/policy_signal_matrix.csv,6,policy_signal_matrix
13,"[""confidence"", ""evidence_methods"", ""hash_cosine"", ""left_code"", ""left_source_id"", ""notes"", ""price_ratio"", ""review_priority"", ""right_code"", ""right_source_id"", ""same_currency"", ""same_domain"", ""token_jaccard""]",jsonl,data_dictionary_data_derived_vertical_slice_mapping_evidence_matrix,public_reuse_review,Derived artefact; confirm source-specific licence gates before external release.,public_derived_candidate,data/derived/vertical_slice/mapping_evidence_matrix.jsonl,8,mapping_evidence_matrix
13,"[""confidence"", ""evidence_methods"", ""hash_cosine"", ""left_code"", ""left_source_id"", ""notes"", ""price_ratio"", ""review_priority"", ""right_code"", ""right_source_id"", ""same_currency"", ""same_domain"", ""token_jaccard""]",csv,data_dictionary_data_derived_vertical_slice_mapping_evidence_matrix,public_reuse_review,Derived artefact; confirm source-specific licence gates before external release.,public_derived_candidate,data/derived/vertical_slice/mapping_evidence_matrix.csv,8,mapping_evidence_matrix
8,"[""left_code"", ""left_source_id"", ""notes"", ""relationship"", ""reviewed_at"", ""reviewer"", ""right_code"", ""right_source_id""]",jsonl,data_dictionary_data_derived_vertical_slice_gold_standard_mappings,public_reuse_review,Derived artefact; confirm source-specific licence gates before external release.,public_derived_candidate,data/derived/vertical_slice/gold_standard_mappings.jsonl,2,gold_standard_mappings
8,"[""left_code"", ""left_source_id"", ""notes"", ""relationship"", ""reviewed_at"", ""reviewer"", ""right_code"", ""right_source_id""]",csv,data_dictionary_data_derived_vertical_slice_gold_standard_mappings,public_reuse_review,Derived artefact; confirm source-specific licence gates before external release.,public_derived_candidate,data/derived/vertical_slice/gold_standard_mappings.csv,2,gold_standard_mappings
7,"[""left_code"", ""left_source_id"", ""reason_not_equivalent"", ""reviewed_at"", ""reviewer"", ""right_code"", ""right_source_id""]",jsonl,data_dictionary_data_derived_vertical_slice_negative_controls,public_reuse_review,Derived artefact; confirm source-specific licence gates before external release.,public_derived_candidate,data/derived/vertical_slice/negative_controls.jsonl,2,negative_controls
7,"[""left_code"", ""left_source_id"", ""reason_not_equivalent"", ""reviewed_at"", ""reviewer"", ""right_code"", ""right_source_id""]",csv,data_dictionary_data_derived_vertical_slice_negative_controls,public_reuse_review,Derived artefact; confirm source-specific licence gates before external release.,public_derived_candidate,data/derived/vertical_slice/negative_controls.csv,2,negative_controls
11,"[""candidate_confidence"", ""case_type"", ""expected_outcome"", ""left_code"", ""left_source_id"", ""notes"", ""observed_outcome"", ""reviewed_at"", ""reviewer"", ""right_code"", ""right_source_id""]",jsonl,data_dictionary_data_derived_vertical_slice_mapping_calibration_cases,public_reuse_review,Derived artefact; confirm source-specific licence gates before external release.,public_derived_candidate,data/derived/vertical_slice/mapping_calibration_cases.jsonl,4,mapping_calibration_cases
11,"[""candidate_confidence"", ""case_type"", ""expected_outcome"", ""left_code"", ""left_source_id"", ""notes"", ""observed_outcome"", ""reviewed_at"", ""reviewer"", ""right_code"", ""right_source_id""]",csv,data_dictionary_data_derived_vertical_slice_mapping_calibration_cases,public_reuse_review,Derived artefact; confirm source-specific licence gates before external release.,public_derived_candidate,data/derived/vertical_slice/mapping_calibration_cases.csv,4,mapping_calibration_cases
13,"[""clean_negative_control_count"", ""estimated_precision"", ""estimated_recall"", ""estimated_specificity"", ""gold_standard_count"", ""matched_gold_standard_count"", ""missed_gold_standard_count"", ""negative_control_count"", ""notes"", ""recommended_review_threshold"", ""reviewed_at"", ""reviewer"", ""triggered_negative_control_count""]",jsonl,data_dictionary_data_derived_vertical_slice_mapping_calibration_summary,public_reuse_review,Derived artefact; confirm source-specific licence gates before external release.,public_derived_candidate,data/derived/vertical_slice/mapping_calibration_summary.jsonl,1,mapping_calibration_summary
13,"[""clean_negative_control_count"", ""estimated_precision"", ""estimated_recall"", ""estimated_specificity"", ""gold_standard_count"", ""matched_gold_standard_count"", ""missed_gold_standard_count"", ""negative_control_count"", ""notes"", ""recommended_review_threshold"", ""reviewed_at"", ""reviewer"", ""triggered_negative_control_count""]",csv,data_dictionary_data_derived_vertical_slice_mapping_calibration_summary,public_reuse_review,Derived artefact; confirm source-specific licence gates before external release.,public_derived_candidate,data/derived/vertical_slice/mapping_calibration_summary.csv,1,mapping_calibration_summary
14,"[""acquisition_mode"", ""expected_format"", ""file_label"", ""licence_gate"", ""notes"", ""parse_command"", ""raw_handling"", ""snapshot_command"", ""source_file_id"", ""source_id"", ""source_url"", ""source_version_id"", ""step_id"", ""suggested_local_path""]",jsonl,data_dictionary_data_derived_manual_acquisition_pack_acquisition_steps,public_reuse_review,Derived artefact; confirm source-specific licence gates before external release.,public_derived_candidate,data/derived/manual_acquisition_pack/acquisition_steps.jsonl,9,acquisition_steps
14,"[""acquisition_mode"", ""expected_format"", ""file_label"", ""licence_gate"", ""notes"", ""parse_command"", ""raw_handling"", ""snapshot_command"", ""source_file_id"", ""source_id"", ""source_url"", ""source_version_id"", ""step_id"", ""suggested_local_path""]",csv,data_dictionary_data_derived_manual_acquisition_pack_acquisition_steps,public_reuse_review,Derived artefact; confirm source-specific licence gates before external release.,public_derived_candidate,data/derived/manual_acquisition_pack/acquisition_steps.csv,9,acquisition_steps
6,"[""caveats"", ""demonstrator_id"", ""item_count"", ""metric_summary"", ""sources_compared"", ""title""]",jsonl,data_dictionary_data_derived_policy_demonstrators_policy_briefs,public_reuse_review,Derived artefact; confirm source-specific licence gates before external release.,public_derived_candidate,data/derived/policy_demonstrators/policy_briefs.jsonl,3,policy_briefs
6,"[""caveats"", ""demonstrator_id"", ""item_count"", ""metric_summary"", ""sources_compared"", ""title""]",csv,data_dictionary_data_derived_policy_demonstrators_policy_briefs,public_reuse_review,Derived artefact; confirm source-specific licence gates before external release.,public_derived_candidate,data/derived/policy_demonstrators/policy_briefs.csv,3,policy_briefs
0,[],md,data_dictionary_data_derived_policy_demonstrators_policy_briefs,public_reuse_review,Derived artefact; confirm source-specific licence gates before external release.,public_derived_candidate,data/derived/policy_demonstrators/policy_briefs.md,0,policy_briefs
3,"[""brief_count"", ""brief_ids"", ""source_count""]",json,data_dictionary_data_derived_policy_demonstrators_summary,public_reuse_review,Derived artefact; confirm source-specific licence gates before external release.,public_derived_candidate,data/derived/policy_demonstrators/summary.json,0,summary
2,"[""records"", ""schema_version""]",json,data_dictionary_data_derived_external_quality_gates,public_reuse_review,Derived artefact; confirm source-specific licence gates before external release.,public_derived_candidate,data/derived/external_quality_gates.json,0,external_quality_gates
9,"[""id"", ""command"", ""cwd"", ""outcome"", ""return_code"", ""generated_at"", ""stdout_excerpt"", ""stderr_excerpt"", ""notes""]",csv,data_dictionary_data_derived_external_quality_gates,public_reuse_review,Derived artefact; confirm source-specific licence gates before external release.,public_derived_candidate,data/derived/external_quality_gates.csv,7,external_quality_gates
2,"[""records"", ""schema_version""]",json,data_dictionary_data_derived_optional_toolchain_installs,public_reuse_review,Derived artefact; confirm source-specific licence gates before external release.,public_derived_candidate,data/derived/optional_toolchain_installs.json,0,optional_toolchain_installs
9,"[""id"", ""command"", ""cwd"", ""outcome"", ""return_code"", ""generated_at"", ""stdout_excerpt"", ""stderr_excerpt"", ""notes""]",csv,data_dictionary_data_derived_optional_toolchain_installs,public_reuse_review,Derived artefact; confirm source-specific licence gates before external release.,public_derived_candidate,data/derived/optional_toolchain_installs.csv,3,optional_toolchain_installs
9,"[""action"", ""is_official_github_action"", ""line"", ""pin_class"", ""policy_note"", ""policy_status"", ""ref"", ""uses"", ""workflow""]",jsonl,data_dictionary_data_derived_repo_automation_workflow_uses,public_reuse_review,Derived artefact; confirm source-specific licence gates before external release.,public_derived_candidate,data/derived/repo_automation/workflow_uses.jsonl,98,workflow_uses
9,"[""action"", ""is_official_github_action"", ""line"", ""pin_class"", ""policy_note"", ""policy_status"", ""ref"", ""uses"", ""workflow""]",csv,data_dictionary_data_derived_repo_automation_workflow_uses,public_reuse_review,Derived artefact; confirm source-specific licence gates before external release.,public_derived_candidate,data/derived/repo_automation/workflow_uses.csv,98,workflow_uses
7,"[""evidence"", ""gate"", ""id"", ""recommended_action"", ""severity"", ""status"", ""workflow""]",jsonl,data_dictionary_data_derived_repo_automation_workflow_policy,public_reuse_review,Derived artefact; confirm source-specific licence gates before external release.,public_derived_candidate,data/derived/repo_automation/workflow_policy.jsonl,72,workflow_policy
7,"[""evidence"", ""gate"", ""id"", ""recommended_action"", ""severity"", ""status"", ""workflow""]",csv,data_dictionary_data_derived_repo_automation_workflow_policy,public_reuse_review,Derived artefact; confirm source-specific licence gates before external release.,public_derived_candidate,data/derived/repo_automation/workflow_policy.csv,72,workflow_policy
6,"[""category"", ""evidence"", ""id"", ""maturity"", ""recommended_next_step"", ""status""]",jsonl,data_dictionary_data_derived_repo_automation_automation_controls,public_reuse_review,Derived artefact; confirm source-specific licence gates before external release.,public_derived_candidate,data/derived/repo_automation/automation_controls.jsonl,20,automation_controls
6,"[""category"", ""evidence"", ""id"", ""maturity"", ""recommended_next_step"", ""status""]",csv,data_dictionary_data_derived_repo_automation_automation_controls,public_reuse_review,Derived artefact; confirm source-specific licence gates before external release.,public_derived_candidate,data/derived/repo_automation/automation_controls.csv,20,automation_controls
0,[],jsonl,data_dictionary_data_derived_repo_automation_action_sha_pin_plan,public_reuse_review,Derived artefact; confirm source-specific licence gates before external release.,public_derived_candidate,data/derived/repo_automation/action_sha_pin_plan.jsonl,0,action_sha_pin_plan
1,"[""empty""]",csv,data_dictionary_data_derived_repo_automation_action_sha_pin_plan,public_reuse_review,Derived artefact; confirm source-specific licence gates before external release.,public_derived_candidate,data/derived/repo_automation/action_sha_pin_plan.csv,0,action_sha_pin_plan
9,"[""action"", ""current_uses"", ""line"", ""notes"", ""ref"", ""resolved_sha"", ""status"", ""suggested_uses"", ""workflow""]",jsonl,data_dictionary_data_derived_repo_automation_action_pin_resolution,public_reuse_review,Derived artefact; confirm source-specific licence gates before external release.,public_derived_candidate,data/derived/repo_automation/action_pin_resolution.jsonl,85,action_pin_resolution
9,"[""action"", ""current_uses"", ""line"", ""notes"", ""ref"", ""resolved_sha"", ""status"", ""suggested_uses"", ""workflow""]",csv,data_dictionary_data_derived_repo_automation_action_pin_resolution,public_reuse_review,Derived artefact; confirm source-specific licence gates before external release.,public_derived_candidate,data/derived/repo_automation/action_pin_resolution.csv,85,action_pin_resolution
6,"[""bom_format"", ""component_count"", ""ecosystem"", ""name"", ""sha256"", ""spec_version""]",jsonl,data_dictionary_data_derived_sbom_sbom_summary,public_reuse_review,Derived artefact; confirm source-specific licence gates before external release.,public_derived_candidate,data/derived/sbom/sbom_summary.jsonl,2,sbom_summary
6,"[""bom_format"", ""component_count"", ""ecosystem"", ""name"", ""sha256"", ""spec_version""]",csv,data_dictionary_data_derived_sbom_sbom_summary,public_reuse_review,Derived artefact; confirm source-specific licence gates before external release.,public_derived_candidate,data/derived/sbom/sbom_summary.csv,2,sbom_summary
6,"[""bomFormat"", ""components"", ""metadata"", ""serialNumber"", ""specVersion"", ""version""]",json,data_dictionary_data_derived_sbom_cyclonedx_python,public_reuse_review,Derived artefact; confirm source-specific licence gates before external release.,public_derived_candidate,data/derived/sbom/cyclonedx-python.json,0,cyclonedx-python
6,"[""bomFormat"", ""components"", ""metadata"", ""serialNumber"", ""specVersion"", ""version""]",json,data_dictionary_data_derived_sbom_cyclonedx_dashboard,public_reuse_review,Derived artefact; confirm source-specific licence gates before external release.,public_derived_candidate,data/derived/sbom/cyclonedx-dashboard.json,0,cyclonedx-dashboard
12,"[""blocking"", ""category"", ""command"", ""cwd"", ""duration_seconds"", ""generated_at"", ""id"", ""notes"", ""return_code"", ""status"", ""stderr_excerpt"", ""stdout_excerpt""]",jsonl,data_dictionary_data_derived_local_quality_gates_local_quality_gates,public_reuse_review,Derived artefact; confirm source-specific licence gates before external release.,public_derived_candidate,data/derived/local_quality_gates/local_quality_gates.jsonl,27,local_quality_gates
12,"[""blocking"", ""category"", ""command"", ""cwd"", ""duration_seconds"", ""generated_at"", ""id"", ""notes"", ""return_code"", ""status"", ""stderr_excerpt"", ""stdout_excerpt""]",csv,data_dictionary_data_derived_local_quality_gates_local_quality_gates,public_reuse_review,Derived artefact; confirm source-specific licence gates before external release.,public_derived_candidate,data/derived/local_quality_gates/local_quality_gates.csv,27,local_quality_gates
8,"[""blocking"", ""category"", ""command"", ""cwd"", ""id"", ""notes"", ""profiles"", ""timeout_seconds""]",jsonl,data_dictionary_data_derived_local_quality_gates_local_quality_gate_specs,public_reuse_review,Derived artefact; confirm source-specific licence gates before external release.,public_derived_candidate,data/derived/local_quality_gates/local_quality_gate_specs.jsonl,30,local_quality_gate_specs
8,"[""blocking"", ""category"", ""command"", ""cwd"", ""id"", ""notes"", ""profiles"", ""timeout_seconds""]",csv,data_dictionary_data_derived_local_quality_gates_local_quality_gate_specs,public_reuse_review,Derived artefact; confirm source-specific licence gates before external release.,public_derived_candidate,data/derived/local_quality_gates/local_quality_gate_specs.csv,30,local_quality_gate_specs
8,"[""allowed"", ""import_kind"", ""line"", ""reason"", ""source_layer"", ""source_module"", ""target_layer"", ""target_module""]",jsonl,data_dictionary_data_derived_architecture_import_edges,public_reuse_review,Derived artefact; confirm source-specific licence gates before external release.,public_derived_candidate,data/derived/architecture/import_edges.jsonl,204,import_edges
8,"[""allowed"", ""import_kind"", ""line"", ""reason"", ""source_layer"", ""source_module"", ""target_layer"", ""target_module""]",csv,data_dictionary_data_derived_architecture_import_edges,public_reuse_review,Derived artefact; confirm source-specific licence gates before external release.,public_derived_candidate,data/derived/architecture/import_edges.csv,204,import_edges
7,"[""edge_count"", ""evidence"", ""id"", ""recommended_action"", ""source_layer"", ""status"", ""target_layer""]",jsonl,data_dictionary_data_derived_architecture_layer_policy,public_reuse_review,Derived artefact; confirm source-specific licence gates before external release.,public_derived_candidate,data/derived/architecture/layer_policy.jsonl,22,layer_policy
7,"[""edge_count"", ""evidence"", ""id"", ""recommended_action"", ""source_layer"", ""status"", ""target_layer""]",csv,data_dictionary_data_derived_architecture_layer_policy,public_reuse_review,Derived artefact; confirm source-specific licence gates before external release.,public_derived_candidate,data/derived/architecture/layer_policy.csv,22,layer_policy
0,[],jsonl,data_dictionary_data_derived_architecture_import_cycles,public_reuse_review,Derived artefact; confirm source-specific licence gates before external release.,public_derived_candidate,data/derived/architecture/import_cycles.jsonl,0,import_cycles
1,"[""empty""]",csv,data_dictionary_data_derived_architecture_import_cycles,public_reuse_review,Derived artefact; confirm source-specific licence gates before external release.,public_derived_candidate,data/derived/architecture/import_cycles.csv,0,import_cycles
6,"[""category"", ""evidence"", ""id"", ""recommended_action"", ""required"", ""status""]",jsonl,data_dictionary_data_derived_release_readiness_release_gates,public_reuse_review,Derived artefact; confirm source-specific licence gates before external release.,public_derived_candidate,data/derived/release_readiness/release_gates.jsonl,36,release_gates
6,"[""category"", ""evidence"", ""id"", ""recommended_action"", ""required"", ""status""]",csv,data_dictionary_data_derived_release_readiness_release_gates,public_reuse_review,Derived artefact; confirm source-specific licence gates before external release.,public_derived_candidate,data/derived/release_readiness/release_gates.csv,36,release_gates
9,"[""architecture"", ""commit_label"", ""dashboard"", ""external_caveats"", ""local_quality_profile"", ""release_readiness"", ""tests"", ""validation_time_utc"", ""version""]",json,data_dictionary_data_derived_v13_validation_run,public_reuse_review,Derived artefact; confirm source-specific licence gates before external release.,public_derived_candidate,data/derived/v13_validation_run.json,0,v13_validation_run
13,"[""auth_env_var"", ""captures_headers"", ""command"", ""etag_path"", ""header_path"", ""licence_gate"", ""metadata_path"", ""method"", ""notes"", ""should_execute"", ""source_file_id"", ""supports_resume"", ""target_path""]",jsonl,data_dictionary_data_derived_source_downloads_download_plans,public_reuse_review,Derived artefact; confirm source-specific licence gates before external release.,public_derived_candidate,data/derived/source_downloads/download_plans.jsonl,9,download_plans
13,"[""auth_env_var"", ""captures_headers"", ""command"", ""etag_path"", ""header_path"", ""licence_gate"", ""metadata_path"", ""method"", ""notes"", ""should_execute"", ""source_file_id"", ""supports_resume"", ""target_path""]",csv,data_dictionary_data_derived_source_downloads_download_plans,public_reuse_review,Derived artefact; confirm source-specific licence gates before external release.,public_derived_candidate,data/derived/source_downloads/download_plans.csv,9,download_plans
10,"[""attempted_at"", ""bytes_downloaded"", ""command"", ""error_summary"", ""exit_code"", ""id"", ""method"", ""source_file_id"", ""status"", ""target_path""]",jsonl,data_dictionary_data_derived_source_downloads_download_attempts,public_reuse_review,Derived artefact; confirm source-specific licence gates before external release.,public_derived_candidate,data/derived/source_downloads/download_attempts.jsonl,9,download_attempts
10,"[""attempted_at"", ""bytes_downloaded"", ""command"", ""error_summary"", ""exit_code"", ""id"", ""method"", ""source_file_id"", ""status"", ""target_path""]",csv,data_dictionary_data_derived_source_downloads_download_attempts,public_reuse_review,Derived artefact; confirm source-specific licence gates before external release.,public_derived_candidate,data/derived/source_downloads/download_attempts.csv,9,download_attempts
22,"[""byte_size"", ""cache_scope"", ""checksum_sha256"", ""content_type"", ""effective_date"", ""endpoint"", ""endpoint_url"", ""file_name"", ""id"", ""invalid_row_count"", ""local_target_ref"", ""notes"", ""observed_columns"", ""page_number"", ""record_count"", ""required_columns"", ""retrieved_at"", ""review_status"", ""schedule_code"", ""schema_status"", ""source_id"", ""source_version_id""]",jsonl,data_dictionary_data_derived_source_downloads_pbs_api_acquisition,public_reuse_review,Derived artefact; confirm source-specific licence gates before external release.,public_derived_candidate,data/derived/source_downloads/pbs_api_acquisition.jsonl,4,pbs_api_acquisition
22,"[""byte_size"", ""cache_scope"", ""checksum_sha256"", ""content_type"", ""effective_date"", ""endpoint"", ""endpoint_url"", ""file_name"", ""id"", ""invalid_row_count"", ""local_target_ref"", ""notes"", ""observed_columns"", ""page_number"", ""record_count"", ""required_columns"", ""retrieved_at"", ""review_status"", ""schedule_code"", ""schema_status"", ""source_id"", ""source_version_id""]",csv,data_dictionary_data_derived_source_downloads_pbs_api_acquisition,public_reuse_review,Derived artefact; confirm source-specific licence gates before external release.,public_derived_candidate,data/derived/source_downloads/pbs_api_acquisition.csv,4,pbs_api_acquisition
6,"[""endpoint_count"", ""raw_payloads_tracked"", ""record_count"", ""review_status"", ""schema_failures"", ""total_source_records""]",json,data_dictionary_data_derived_source_downloads_pbs_api_acquisition_summary,public_reuse_review,Derived artefact; confirm source-specific licence gates before external release.,public_derived_candidate,data/derived/source_downloads/pbs_api_acquisition_summary.json,0,pbs_api_acquisition_summary
13,"[""byte_size"", ""checksum_sha256"", ""expected_format"", ""expected_record_count"", ""id"", ""issues"", ""local_target_ref"", ""observed_record_count"", ""recommended_action"", ""source_file_id"", ""source_id"", ""source_version_id"", ""validation_status""]",jsonl,data_dictionary_data_derived_source_validation_source_content_validation,public_reuse_review,Derived artefact; confirm source-specific licence gates before external release.,public_derived_candidate,data/derived/source_validation/source_content_validation.jsonl,9,source_content_validation
13,"[""byte_size"", ""checksum_sha256"", ""expected_format"", ""expected_record_count"", ""id"", ""issues"", ""local_target_ref"", ""observed_record_count"", ""recommended_action"", ""source_file_id"", ""source_id"", ""source_version_id"", ""validation_status""]",csv,data_dictionary_data_derived_source_validation_source_content_validation,public_reuse_review,Derived artefact; confirm source-specific licence gates before external release.,public_derived_candidate,data/derived/source_validation/source_content_validation.csv,9,source_content_validation
14,"[""byte_size"", ""contract_name"", ""contract_status"", ""expected_columns"", ""id"", ""issues"", ""observed_columns"", ""observed_markers"", ""parser_hint"", ""recommended_action"", ""required_markers"", ""source_file_id"", ""source_id"", ""source_version_id""]",jsonl,data_dictionary_data_derived_source_contracts_source_contract_validation,public_reuse_review,Derived artefact; confirm source-specific licence gates before external release.,public_derived_candidate,data/derived/source_contracts/source_contract_validation.jsonl,9,source_contract_validation
14,"[""byte_size"", ""contract_name"", ""contract_status"", ""expected_columns"", ""id"", ""issues"", ""observed_columns"", ""observed_markers"", ""parser_hint"", ""recommended_action"", ""required_markers"", ""source_file_id"", ""source_id"", ""source_version_id""]",csv,data_dictionary_data_derived_source_contracts_source_contract_validation,public_reuse_review,Derived artefact; confirm source-specific licence gates before external release.,public_derived_candidate,data/derived/source_contracts/source_contract_validation.csv,9,source_contract_validation
13,"[""body_path"", ""epic_id"", ""epic_title"", ""id"", ""item_type"", ""labels"", ""milestone"", ""priority"", ""project_view"", ""recommended_action"", ""status"", ""title"", ""track_id""]",jsonl,data_dictionary_data_derived_github_project_github_project_items,public_reuse_review,Derived artefact; confirm source-specific licence gates before external release.,public_derived_candidate,data/derived/github_project/github_project_items.jsonl,169,github_project_items
13,"[""body_path"", ""epic_id"", ""epic_title"", ""id"", ""item_type"", ""labels"", ""milestone"", ""priority"", ""project_view"", ""recommended_action"", ""status"", ""title"", ""track_id""]",csv,data_dictionary_data_derived_github_project_github_project_items,public_reuse_review,Derived artefact; confirm source-specific licence gates before external release.,public_derived_candidate,data/derived/github_project/github_project_items.csv,169,github_project_items
9,"[""command"", ""evidence_path"", ""id"", ""recommended_action"", ""required_environment"", ""status"", ""task_group"", ""title"", ""unblock_condition""]",jsonl,data_dictionary_data_derived_final_handoff_final_handoff_tasks,public_reuse_review,Derived artefact; confirm source-specific licence gates before external release.,public_derived_candidate,data/derived/final_handoff/final_handoff_tasks.jsonl,12,final_handoff_tasks
9,"[""command"", ""evidence_path"", ""id"", ""recommended_action"", ""required_environment"", ""status"", ""task_group"", ""title"", ""unblock_condition""]",csv,data_dictionary_data_derived_final_handoff_final_handoff_tasks,public_reuse_review,Derived artefact; confirm source-specific licence gates before external release.,public_derived_candidate,data/derived/final_handoff/final_handoff_tasks.csv,12,final_handoff_tasks
8,"[""component_title"", ""component_type"", ""id"", ""local_path"", ""notes"", ""osf_path"", ""required_before_release"", ""research_question_id""]",jsonl,data_dictionary_data_derived_osf_component_plan,public_reuse_review,Derived artefact; confirm source-specific licence gates before external release.,public_derived_candidate,data/derived/osf/component_plan.jsonl,15,component_plan
8,"[""component_title"", ""component_type"", ""id"", ""local_path"", ""notes"", ""osf_path"", ""required_before_release"", ""research_question_id""]",csv,data_dictionary_data_derived_osf_component_plan,public_reuse_review,Derived artefact; confirm source-specific licence gates before external release.,public_derived_candidate,data/derived/osf/component_plan.csv,15,component_plan
5,"[""component_count"", ""osf_use"", ""project"", ""raw_data_policy"", ""required_before_release""]",json,data_dictionary_data_derived_osf_osf_publication_manifest,public_reuse_review,Derived artefact; confirm source-specific licence gates before external release.,public_derived_candidate,data/derived/osf/osf_publication_manifest.json,0,osf_publication_manifest
0,[],md,data_dictionary_data_derived_osf_preprint_checklist,public_reuse_review,Derived artefact; confirm source-specific licence gates before external release.,public_derived_candidate,data/derived/osf/preprint_checklist.md,0,preprint_checklist
9,"[""blocked_reason"", ""byte_size"", ""exists"", ""id"", ""local_path"", ""osf_path"", ""publish_allowed"", ""required_before_release"", ""sha256""]",jsonl,data_dictionary_data_derived_osf_sync_manifest,public_reuse_review,Derived artefact; confirm source-specific licence gates before external release.,public_derived_candidate,data/derived/osf/sync_manifest.jsonl,15,sync_manifest
14,"[""completeness_score"", ""id"", ""missing_sections"", ""osf_ready"", ""present_section_count"", ""protocol_exists"", ""protocol_path"", ""protocol_word_count"", ""recommended_next_step"", ""report_exists"", ""report_path"", ""report_word_count"", ""required_section_count"", ""research_question_id""]",jsonl,data_dictionary_data_derived_protocols_protocol_status,public_reuse_review,Derived artefact; confirm source-specific licence gates before external release.,public_derived_candidate,data/derived/protocols/protocol_status.jsonl,5,protocol_status
14,"[""completeness_score"", ""id"", ""missing_sections"", ""osf_ready"", ""present_section_count"", ""protocol_exists"", ""protocol_path"", ""protocol_word_count"", ""recommended_next_step"", ""report_exists"", ""report_path"", ""report_word_count"", ""required_section_count"", ""research_question_id""]",csv,data_dictionary_data_derived_protocols_protocol_status,public_reuse_review,Derived artefact; confirm source-specific licence gates before external release.,public_derived_candidate,data/derived/protocols/protocol_status.csv,5,protocol_status
4,"[""average_completeness_score"", ""blocking_missing_section_count"", ""osf_ready_count"", ""protocol_count""]",json,data_dictionary_data_derived_protocols_summary,public_reuse_review,Derived artefact; confirm source-specific licence gates before external release.,public_derived_candidate,data/derived/protocols/summary.json,0,summary
9,"[""id"", ""linkage_role"", ""linked_entity_id"", ""linked_entity_label"", ""linked_entity_type"", ""readiness_status"", ""recommended_action"", ""research_question_id"", ""track_id""]",jsonl,data_dictionary_data_derived_roadmap_linkages_research_dataset_linkages,public_reuse_review,Derived artefact; confirm source-specific licence gates before external release.,public_derived_candidate,data/derived/roadmap_linkages/research_dataset_linkages.jsonl,48,research_dataset_linkages
9,"[""id"", ""linkage_role"", ""linked_entity_id"", ""linked_entity_label"", ""linked_entity_type"", ""readiness_status"", ""recommended_action"", ""research_question_id"", ""track_id""]",csv,data_dictionary_data_derived_roadmap_linkages_research_dataset_linkages,public_reuse_review,Derived artefact; confirm source-specific licence gates before external release.,public_derived_candidate,data/derived/roadmap_linkages/research_dataset_linkages.csv,48,research_dataset_linkages
9,"[""check_name"", ""evidence_path"", ""expected_value"", ""id"", ""observed_value"", ""recommended_action"", ""severity"", ""status"", ""table_name""]",jsonl,data_dictionary_data_derived_data_quality_data_quality_checks,public_reuse_review,Derived artefact; confirm source-specific licence gates before external release.,public_derived_candidate,data/derived/data_quality/data_quality_checks.jsonl,41,data_quality_checks
9,"[""check_name"", ""evidence_path"", ""expected_value"", ""id"", ""observed_value"", ""recommended_action"", ""severity"", ""status"", ""table_name""]",csv,data_dictionary_data_derived_data_quality_data_quality_checks,public_reuse_review,Derived artefact; confirm source-specific licence gates before external release.,public_derived_candidate,data/derived/data_quality/data_quality_checks.csv,41,data_quality_checks
6,"[""blocking_failures"", ""check_count"", ""fail"", ""missing"", ""pass"", ""warn""]",json,data_dictionary_data_derived_data_quality_summary,public_reuse_review,Derived artefact; confirm source-specific licence gates before external release.,public_derived_candidate,data/derived/data_quality/summary.json,0,summary
16,"[""available_linkage_count"", ""blocked_linkage_count"", ""data_quality_blockers"", ""dataset_linkage_count"", ""id"", ""mapping_resource_count"", ""missing_linkage_count"", ""output_plan_count"", ""planned_linkage_count"", ""protocol_score"", ""readiness_score"", ""readiness_stage"", ""recommended_action"", ""research_question_id"", ""source_validation_blockers"", ""track_id""]",jsonl,data_dictionary_data_derived_evidence_readiness_evidence_readiness,public_reuse_review,Derived artefact; confirm source-specific licence gates before external release.,public_derived_candidate,data/derived/evidence_readiness/evidence_readiness.jsonl,5,evidence_readiness
16,"[""available_linkage_count"", ""blocked_linkage_count"", ""data_quality_blockers"", ""dataset_linkage_count"", ""id"", ""mapping_resource_count"", ""missing_linkage_count"", ""output_plan_count"", ""planned_linkage_count"", ""protocol_score"", ""readiness_score"", ""readiness_stage"", ""recommended_action"", ""research_question_id"", ""source_validation_blockers"", ""track_id""]",csv,data_dictionary_data_derived_evidence_readiness_evidence_readiness,public_reuse_review,Derived artefact; confirm source-specific licence gates before external release.,public_derived_candidate,data/derived/evidence_readiness/evidence_readiness.csv,5,evidence_readiness
6,"[""average_readiness_score"", ""blocked"", ""design"", ""evidence_ready"", ""prototype_ready"", ""research_question_count""]",json,data_dictionary_data_derived_evidence_readiness_summary,public_reuse_review,Derived artefact; confirm source-specific licence gates before external release.,public_derived_candidate,data/derived/evidence_readiness/summary.json,0,summary
15,"[""added_columns"", ""id"", ""left_checksum_sha256"", ""left_label"", ""left_path"", ""left_row_count"", ""recommended_action"", ""removed_columns"", ""right_checksum_sha256"", ""right_label"", ""right_path"", ""right_row_count"", ""row_count_delta"", ""row_count_delta_pct"", ""status""]",jsonl,data_dictionary_data_derived_source_drift_source_drift_report,public_reuse_review,Derived artefact; confirm source-specific licence gates before external release.,public_derived_candidate,data/derived/source_drift/source_drift_report.jsonl,9,source_drift_report
15,"[""added_columns"", ""id"", ""left_checksum_sha256"", ""left_label"", ""left_path"", ""left_row_count"", ""recommended_action"", ""removed_columns"", ""right_checksum_sha256"", ""right_label"", ""right_path"", ""right_row_count"", ""row_count_delta"", ""row_count_delta_pct"", ""status""]",csv,data_dictionary_data_derived_source_drift_source_drift_report,public_reuse_review,Derived artefact; confirm source-specific licence gates before external release.,public_derived_candidate,data/derived/source_drift/source_drift_report.csv,9,source_drift_report
6,"[""blocking_failure_count"", ""drift_check_count"", ""fail"", ""missing"", ""pass"", ""warn""]",json,data_dictionary_data_derived_source_drift_summary,public_reuse_review,Derived artefact; confirm source-specific licence gates before external release.,public_derived_candidate,data/derived/source_drift/summary.json,0,summary
10,"[""column_count"", ""columns"", ""file_format"", ""id"", ""licence_gate"", ""notes"", ""publication_scope"", ""relative_path"", ""row_count"", ""table_name""]",jsonl,data_dictionary_data_derived_data_dictionary_data_dictionary,public_reuse_review,Derived artefact; confirm source-specific licence gates before external release.,public_derived_candidate,data/derived/data_dictionary/data_dictionary.jsonl,159,data_dictionary
10,"[""column_count"", ""columns"", ""file_format"", ""id"", ""licence_gate"", ""notes"", ""publication_scope"", ""relative_path"", ""row_count"", ""table_name""]",csv,data_dictionary_data_derived_data_dictionary_data_dictionary,public_reuse_review,Derived artefact; confirm source-specific licence gates before external release.,public_derived_candidate,data/derived/data_dictionary/data_dictionary.csv,159,data_dictionary
5,"[""csv_tables"", ""json_tables"", ""jsonl_tables"", ""table_count"", ""total_rows_documented""]",json,data_dictionary_data_derived_data_dictionary_summary,public_reuse_review,Derived artefact; confirm source-specific licence gates before external release.,public_derived_candidate,data/derived/data_dictionary/summary.json,0,summary
0,[],md,data_dictionary_infra_huggingface_dataset_card,public_reuse_review,Seed metadata artefact; safe for review but still needs source licence notes checked.,public_metadata_candidate,infra/huggingface/DATASET_CARD.md,0,DATASET_CARD
0,[],md,data_dictionary_infra_huggingface_readme,public_reuse_review,Seed metadata artefact; safe for review but still needs source licence notes checked.,public_metadata_candidate,infra/huggingface/README.md,0,README
0,[],md,data_dictionary_infra_huggingface_space_readme,public_reuse_review,Seed metadata artefact; safe for review but still needs source licence notes checked.,public_metadata_candidate,infra/huggingface/SPACE_README.md,0,SPACE_README
6,"[""description"", ""licenses"", ""name"", ""profile"", ""resources"", ""title""]",json,data_dictionary_data_derived_research_package_datapackage,public_reuse_review,Derived artefact; confirm source-specific licence gates before external release.,public_derived_candidate,data/derived/research_package/datapackage.json,0,datapackage
2,"[""@context"", ""@graph""]",json,data_dictionary_data_derived_research_package_ro_crate_metadata,public_reuse_review,Derived artefact; confirm source-specific licence gates before external release.,public_derived_candidate,data/derived/research_package/ro-crate-metadata.json,0,ro-crate-metadata
5,"[""@context"", ""@type"", ""dcat:distribution"", ""dct:description"", ""dct:title""]",jsonld,data_dictionary_data_derived_research_package_dcat,public_reuse_review,Derived artefact; confirm source-specific licence gates before external release.,public_derived_candidate,data/derived/research_package/dcat.jsonld,0,dcat
17,"[""bandit"", ""basedpyright"", ""compileall"", ""dashboard_build"", ""mojo_smoke"", ""mojo_target"", ""npm_audit"", ""pytest"", ""python_runtime_used"", ""release_readiness"", ""ruff_check"", ""ruff_format_check"", ""source_download_attempts"", ""target_python_runtime"", ""uv_build"", ""validated_at"", ""version""]",json,data_dictionary_data_derived_v14_validation_run,public_reuse_review,Derived artefact; confirm source-specific licence gates before external release.,public_derived_candidate,data/derived/v14_validation_run.json,0,v14_validation_run
5,"[""blocked_or_not_run"", ""checks"", ""commit_label"", ""generated_at"", ""version""]",json,data_dictionary_data_derived_v15_validation_run,public_reuse_review,Derived artefact; confirm source-specific licence gates before external release.,public_derived_candidate,data/derived/v15_validation_run.json,0,v15_validation_run
6,"[""blocked_or_not_run"", ""commit_intent"", ""generated_at"", ""passed"", ""runtime"", ""version""]",json,data_dictionary_data_derived_v16_validation_run,public_reuse_review,Derived artefact; confirm source-specific licence gates before external release.,public_derived_candidate,data/derived/v16_validation_run.json,0,v16_validation_run
6,"[""checks"", ""commit"", ""generated_at"", ""generated_counts"", ""runtime"", ""version""]",json,data_dictionary_data_derived_v17_validation_run,public_reuse_review,Derived artefact; confirm source-specific licence gates before external release.,public_derived_candidate,data/derived/v17_validation_run.json,0,v17_validation_run
4,"[""checks"", ""commit_label"", ""generated_at"", ""version""]",json,data_dictionary_data_derived_v18_validation_run,public_reuse_review,Derived artefact; confirm source-specific licence gates before external release.,public_derived_candidate,data/derived/v18_validation_run.json,0,v18_validation_run
18,"[""code_system"", ""currency"", ""domain"", ""effective_from"", ""effective_to"", ""facility_component"", ""item_code"", ""item_description"", ""item_label"", ""jurisdiction"", ""patient_amount"", ""payment_amount"", ""payment_unit"", ""professional_component"", ""provenance"", ""restriction_text"", ""setting"", ""source_id""]",csv,data_dictionary_data_derived_reviewed_source_bundles_bundle_au_mbs_20260701_txt_pair_f3c1caae1fe830ae_au_mbs_20260701_txt_pair_schedule_items,public_reuse_review,Derived artefact; confirm source-specific licence gates before external release.,public_derived_candidate,data/derived/reviewed_source_bundles/bundle_au_mbs_20260701_txt_pair_f3c1caae1fe830ae/au_mbs_20260701_txt_pair_schedule_items.csv,14856,au_mbs_20260701_txt_pair_schedule_items
18,"[""code_system"", ""currency"", ""domain"", ""effective_from"", ""effective_to"", ""facility_component"", ""item_code"", ""item_description"", ""item_label"", ""jurisdiction"", ""patient_amount"", ""payment_amount"", ""payment_unit"", ""professional_component"", ""provenance"", ""restriction_text"", ""setting"", ""source_id""]",jsonl,data_dictionary_data_derived_reviewed_source_bundles_bundle_au_mbs_20260701_txt_pair_f3c1caae1fe830ae_au_mbs_20260701_txt_pair_schedule_items,public_reuse_review,Derived artefact; confirm source-specific licence gates before external release.,public_derived_candidate,data/derived/reviewed_source_bundles/bundle_au_mbs_20260701_txt_pair_f3c1caae1fe830ae/au_mbs_20260701_txt_pair_schedule_items.jsonl,14856,au_mbs_20260701_txt_pair_schedule_items
14,"[""byte_size"", ""contract_name"", ""contract_status"", ""expected_columns"", ""id"", ""issues"", ""observed_columns"", ""observed_markers"", ""parser_hint"", ""recommended_action"", ""required_markers"", ""source_file_id"", ""source_id"", ""source_version_id""]",csv,data_dictionary_data_derived_reviewed_source_bundles_bundle_au_mbs_20260701_txt_pair_f3c1caae1fe830ae_source_contract_validation,public_reuse_review,Derived artefact; confirm source-specific licence gates before external release.,public_derived_candidate,data/derived/reviewed_source_bundles/bundle_au_mbs_20260701_txt_pair_f3c1caae1fe830ae/source_contract_validation.csv,2,source_contract_validation
14,"[""byte_size"", ""contract_name"", ""contract_status"", ""expected_columns"", ""id"", ""issues"", ""observed_columns"", ""observed_markers"", ""parser_hint"", ""recommended_action"", ""required_markers"", ""source_file_id"", ""source_id"", ""source_version_id""]",jsonl,data_dictionary_data_derived_reviewed_source_bundles_bundle_au_mbs_20260701_txt_pair_f3c1caae1fe830ae_source_contract_validation,public_reuse_review,Derived artefact; confirm source-specific licence gates before external release.,public_derived_candidate,data/derived/reviewed_source_bundles/bundle_au_mbs_20260701_txt_pair_f3c1caae1fe830ae/source_contract_validation.jsonl,2,source_contract_validation
12,"[""byte_size"", ""cache_scope"", ""checksum_sha256"", ""content_type"", ""id"", ""licence_gate"", ""local_path"", ""notes"", ""retrieved_at"", ""source_id"", ""source_url"", ""source_version_id""]",csv,data_dictionary_data_derived_reviewed_source_bundles_bundle_au_mbs_20260701_txt_pair_f3c1caae1fe830ae_source_snapshots,public_reuse_review,Derived artefact; confirm source-specific licence gates before external release.,public_derived_candidate,data/derived/reviewed_source_bundles/bundle_au_mbs_20260701_txt_pair_f3c1caae1fe830ae/source_snapshots.csv,2,source_snapshots
12,"[""byte_size"", ""cache_scope"", ""checksum_sha256"", ""content_type"", ""id"", ""licence_gate"", ""local_path"", ""notes"", ""retrieved_at"", ""source_id"", ""source_url"", ""source_version_id""]",jsonl,data_dictionary_data_derived_reviewed_source_bundles_bundle_au_mbs_20260701_txt_pair_f3c1caae1fe830ae_source_snapshots,public_reuse_review,Derived artefact; confirm source-specific licence gates before external release.,public_derived_candidate,data/derived/reviewed_source_bundles/bundle_au_mbs_20260701_txt_pair_f3c1caae1fe830ae/source_snapshots.jsonl,2,source_snapshots
7,"[""blocking_failures"", ""contract_count"", ""fail"", ""missing"", ""pass"", ""skipped"", ""warn""]",json,data_dictionary_data_derived_reviewed_source_bundles_bundle_au_mbs_20260701_txt_pair_f3c1caae1fe830ae_summary,public_reuse_review,Derived artefact; confirm source-specific licence gates before external release.,public_derived_candidate,data/derived/reviewed_source_bundles/bundle_au_mbs_20260701_txt_pair_f3c1caae1fe830ae/summary.json,0,summary
15,"[""cache_scope"", ""descriptor_checksum_sha256"", ""descriptor_snapshot_id"", ""item_map_checksum_sha256"", ""item_map_snapshot_id"", ""licence_gate"", ""parse_success"", ""quality_warnings"", ""raw_files_copied_to_bundle"", ""record_count"", ""record_type"", ""review_required_before_publication"", ""source_id"", ""source_version_id"", ""stats""]",json,data_dictionary_data_derived_reviewed_source_bundles_bundle_au_mbs_20260701_txt_pair_f3c1caae1fe830ae_validation_report,public_reuse_review,Derived artefact; confirm source-specific licence gates before external release.,public_derived_candidate,data/derived/reviewed_source_bundles/bundle_au_mbs_20260701_txt_pair_f3c1caae1fe830ae/validation_report.json,0,validation_report
12,"[""byte_size"", ""checksum_sha256"", ""contains_raw_source_payload"", ""decision_evidence"", ""licence_gate"", ""publication_scope"", ""relative_path"", ""restrictions"", ""review_id"", ""review_status"", ""reviewed_at"", ""reviewer""]",jsonl,data_dictionary_data_derived_licence_review_licence_review_queue,not_for_publication,Internal review-control artefact; do not treat generated rows as licence approval.,internal_governance,data/derived/licence_review/licence_review_queue.jsonl,155,licence_review_queue
12,"[""byte_size"", ""checksum_sha256"", ""contains_raw_source_payload"", ""decision_evidence"", ""licence_gate"", ""publication_scope"", ""relative_path"", ""restrictions"", ""review_id"", ""review_status"", ""reviewed_at"", ""reviewer""]",csv,data_dictionary_data_derived_licence_review_licence_review_queue,not_for_publication,Internal review-control artefact; do not treat generated rows as licence approval.,internal_governance,data/derived/licence_review/licence_review_queue.csv,155,licence_review_queue
8,"[""all_approved"", ""approval_mutation_allowed"", ""approved_count"", ""artifact_count"", ""blocked_count"", ""pending_count"", ""review_required_count"", ""schema_version""]",json,data_dictionary_data_derived_licence_review_summary,not_for_publication,Internal review-control artefact; do not treat generated rows as licence approval.,internal_governance,data/derived/licence_review/summary.json,0,summary
0,[],md,data_dictionary_data_derived_licence_review_readme,not_for_publication,Internal review-control artefact; do not treat generated rows as licence approval.,internal_governance,data/derived/licence_review/README.md,0,README
